TCR	Abundance
CASSLAGGNDYGYTF	0.02145941479675424
CASSGGWEGATYEQYF	0.020043404028982036
CASSLLLGRRGNQPQHF	0.016149628182979044
CASSYSTLAGTIIDNEQFF	0.01156459546754747
CSVELANRGDYGYTF	0.009374092788800218
CASSPKGSGLAVFYEQYF	0.007530741136990668
CASSLGGGSTYEQYF	0.007122686421116527
CASSFSRGLSPLPQHF	0.007101370129988773
CASSDEQGGSYEQYF	0.006633426786660468
CASTYVDINNEQFF	0.006330938464942822
CASSHITGFDELGYGYTF	0.006263944407112739
CASSLVEGRVRAEAFF	0.005861980060132242
CASSGQGGSPLHF	0.004839813147482343
CASSQDRTSGDTQYF	0.004472360890899162
CASSIGDNNQPQHF	0.004238896749976146
CAISGRGETQYF	0.004204384659578831
CASSQGGSEYSNQPQHF	0.003981071133478555
CASSQGTSYTF	0.003970920518655815
CASSAGTENTF	0.003578091725015784
CASSLTSSPQQYF	0.0028584131340835314
CASSSGEASYEQYF	0.0028147654903457504
CASSWTGLTDTIYF	0.002772132908090243
CASSTSESGGPYEQYF	0.0025924670257277483
CASSSSFSAGDYGYTF	0.002559985058294981
CASSLGSRGEPEAFF	0.0025579549353304328
CASSLTLAENYEQYF	0.0025163374145571998
CASRWTSGIGEQYF	0.002410771020400706
CASPERSGNTIYF	0.002210803908392731
CASSLGIGNYEQYF	0.0021986231706054436
CASSLPFTGNTIYF	0.002053469378640264
CASSLAGQDEQFF	0.0020260627186188666
CASSLDTDSEGNTIYF	0.001962113845235606
CSARAVGQGNEQYF	0.0018778637422068654
CSVDGAQGFYEQYF	0.0017692521636035496
CASSSLTGLNTGELFF	0.0017316948887594122
CARGRGPYTGELFF	0.0017103785976316586
CSAQDWGHLYEQYF	0.0013957095381267244
CASSLLAGGPYEQYF	0.0013439414025307513
CASSARERDTQYF	0.0013297305417789155
CSAGPTGYEQYF	0.0012891280824879562
CASRYATNEKLFF	0.0012870979595234083
CSARDLGRDYGYTF	0.0012870979595234083
CASSMDGGYTF	0.0012667967298779286
CASSERGLGNQPQHF	0.0012647666069133807
CASMAGNTGELFF	0.001259691299502011
CASSATGGSGNTIYF	0.0012180737787287775
CASSPYGPYRAYEQYF	0.0011886369957428322
CASTFGSSGNTIYF	0.0011612303357214347
CSVETSGSYEQYF	0.0011246881223595712
CASSRNVGTDYGYTF	0.0011054019541963656
CATSQGARDEQYF	0.0010627693719408584
CASSPGADTIYF	0.0010546488800826665
CSVLIGAGNQPQHF	0.001035362711919461
CASSSTVGYGYTF	0.0010201367896853512
CASSPAGTGYEQYF	0.0010150614822739814
CASSLESPQGPQHF	0.0010038958059689674
CASSPNGLAGLTYEQYF	0.0009917150681816797
CASSIDPGQGSYEQYF	0.0009582180392666384
CSVEVFGGGIDGYTF	0.0009490824859261725
CASSTDREDYGYTF	0.0009379168096211588
CASSEDWGARAFF	0.0008973143503301995
CASSLPSAPYGYTF	0.0008567118910392402
CASSQIQGISYEQYF	0.0007947931406205274
CASSLGSSGNTIYF	0.0007937780791382534
CASRPTGTSGTEQYF	0.0007917479561737054
CATTFVNEKLFF	0.000764341296152308
CASSWTVATNEKLFF	0.0007541906813295681
CASSLSGRDEKLFF	0.0007379496976131845
CASRPKDTHRRAYEQYF	0.0007217087138968008
CASSIGNEQYF	0.0007135882220386089
CSARKPGQGNTEAFF	0.0007003924227690471
CASTTPNTEAFF	0.0006912568694285813
CASSLPSNEQFF	0.0006861815620172114
CASGQHGAPVPYF	0.0006811062546058415
CASSLVAGGYNEQFF	0.0006770460086767456
CASSRGSGGFNSPLHF	0.0006699405783008276
CASSPLGIVTEAFF	0.0006405037953148823
CSAGDFYGYTF	0.0006161423197403067
CASSQRQVYGYTF	0.0006151272582580327
CASRDLQGAHQPQHF	0.0005867055367543612
CSANAGNTEAFF	0.0005867055367543612
CASSSRYEQYF	0.0005755398604493474
CSVLPYTEAFF	0.0005674193685911555
CASSLERETYEQYF	0.0005653892456266076
CSARDPRRNTEAFF	0.0005653892456266076
CASSGQGIAYNSPLHF	0.0005643741841443337
CASSYSGGPLHF	0.0005542235693215938
CASSESIDRGPLYEQYF	0.0005288470322647443
CASSFDGSYEQYF	0.0005278319707824703
CASSYVRQGSEKLFF	0.0005268169093001963
CSARGRRESYGYTF	0.0005227566633711004
CASSPGNEQFF	0.0005146361715129085
CASSFQRTGFYEQYF	0.0005115909870660866
CSVYHEGYEQYF	0.0005115909870660866
CSARSIGGAGQPQHF	0.0005095608641015386
CASSLGTGKTEAFF	0.0005085458026192647
CASSETEGEPHEQYF	0.0004994102492787988
CASSESDSGLGALHF	0.0004973801263142509
CSARQGFSYEQYF	0.000492304818902881
CASSYTQTGTEAFF	0.000489259634456059
