TCR	Abundance
CASSMGEGDQPQHF	0.03960657522780993
CAITGTGDTYEQYF	0.006720278562453592
CASSSGGEREQFF	0.004125007745181989
CASSYTSGGTYEQYF	0.0040874245670062355
CASSRSGTRGDTQYF	0.004039683773107306
CASSSDSFNYGYTF	0.003936076092730906
CASSLGWAQPQHF	0.0036252530516017035
CASSPWTRSSTDTQYF	0.0035348502716654323
CASLKRLAGGGDTQYF	0.0032920832558815134
CASSESGSNQPQHF	0.003214885376385372
CASSLGQRGTQYF	0.003094009749279571
CASSLSSSSNQPQHF	0.0027791236618610986
CASSGGSAGELFF	0.00267450021991238
CASSGTSGSTDTQYF	0.002591207770982333
CAWSVQSQPQHF	0.0024743951901658027
CASSARLAGAPEQYF	0.0022641325446960485
CASSQSGVGYTF	0.001952293741994529
CASSPSSLHEQYF	0.0018375126843226343
CASRKGQNFYGYTF	0.0017846930825621164
CASSQGWRGVYEQYF	0.0016719435480348568
CSANAGTDNIYEQYF	0.001601855999544939
CSARVSLASSYEQYF	0.0014748858030052322
CASSSLRDTYEQYF	0.0014576178562758322
CASSPGRERYGYTF	0.001270717726969384
CAGARDTYTGELFF	0.0012575128265292545
CASTGQGAASYGYTF	0.0011864095164670187
CASSPGQGESQPQHF	0.0011782834238884775
CASSESGGDKAYEQYF	0.0011630470003037127
CASSPGGELFF	0.001158983954014442
CSANQGNYGYTF	0.0011203850142663713
CASSLRVAGGVYEQYF	0.0011000697828200182
CASSLTGLSYTF	0.001079754551373665
CASSLDGLPDTQYF	0.0009873202482927588
CSAPPASGTLNEQFF	0.0009548158779785938
CASSRGEGDQPQHF	0.000939579454393829
CASSLSGTQYYEQYF	0.0008705076674762287
CASSLTDSNYGYTF	0.0008339402508727932
CATSRGGTPLEQYF	0.0007841679338292281
CASSYSIGTGWEQYF	0.0007811206491122752
CASSIALSWTASYEQYF	0.0007709630333890986
CASSLTDTSYEQYF	0.0007262695242071219
CATRQNLGEKLFF	0.0007120488621946748
CASTMGLAGGVQYF	0.0006582134988618391
CASSSHTGYGYTF	0.0006257091285476743
CASSEASGGFYNEQFF	0.0006216460822584037
CASSPTGIYGYTF	0.0006185987975414507
CATSDERGADTQYF	0.0006013308508120506
CSARDLAGNQPQHF	0.0005932047582335094
CASSEYGMNTEAFF	0.0005810156193656976
CASSYSGSSYEQYF	0.0005810156193656976
CASSKGTGNEQYF	0.0005596846263470268
CASSFPPWAGSYEQYF	0.0005454639643345797
CASSITGRVEETQYF	0.0005403851564729914
CASSPGRRSDGYTF	0.0005403851564729914
CASSYRDNQPQHF	0.0005312433023221325
CASSPGQRGTQYF	0.0005302275407498149
CASPDYEQYF	0.0005231172097435913
CASSEGLAGAGYEQYF	0.0005068650245865088
CASSDRIGGTKAFF	0.0005068650245865088
CASSDSTGGPGELFF	0.0004906128394294264
CASSYGRASGTYEQYF	0.0004895970778571087
CASSQSEVAGLENTIYF	0.0004804552237062499
CATSDLQDTGELFF	0.0004804552237062499
CASSAQGRDSPLHF	0.00047029760798307334
CSAGGDRGNFGYTF	0.0004672503232661204
CASTRPLAGESYEQYF	0.00045506118439830857
CASNVLKDTQYF	0.000444903568675132
CASSLSLEEQFF	0.0004408405223858614
CASTRLAGLTGELFF	0.00043982476081354374
CASSETGSHGYTF	0.00043779323766890844
CASSPGQGGEQYF	0.00043779323766890844
CASSDRGIYYGYTF	0.00041849376779487307
CASSYSKGGYGNTIYF	0.00041849376779487307
CASSAGPGEDEQYF	0.0004144307215056024
CASSRVHSNQPQHF	0.00040935191364401414
CASSSTSSGRYEQYF	0.00040935191364401414
CASSLNRATYEQYF	0.0004042731057824259
CASSSPGQGTYEQYF	0.0004042731057824259
CASSEGTGGYEQYF	0.00039817853634851997
CATSGLALTSVSYNEQFF	0.00039716277477620235
CASSPGLAGWYEQYF	0.00039614701320388467
CASSEASGGTDTQYF	0.00039513125163156705
CASSFGGSLNTEAFF	0.00039513125163156705
CASSYSGTPLYEQYF	0.00039513125163156705
CASSRTGTGYEQYF	0.00039208396691461407
CASSSGPSGNTIYF	0.0003890366821976611
CAWSLRAYEQYF	0.0003890366821976611
CASSDIGVNQPQHF	0.0003890366821976611
CASSRTTGFSHEQYF	0.00038802092062534347
CASSRTGSGSYEQYF	0.0003870051590530258
CASSFRDSGAYEQYF	0.0003849736359083905
CSARAPRLDLYEQYF	0.0003849736359083905
CAYSGIYEQYF	0.0003819263511914375
CASSPNRGPNYGYTF	0.0003778633049021669
CARLKSTGELFF	0.000371768735468261
CASSERTGGAYEQYF	0.000371768735468261
CASSTLAGRGYEQYF	0.000371768735468261
CASSFATQPQHF	0.00037075297389594335
CASSLGARENTEAFF	0.0003697372123236257
CASSDSSGGADTQYF	0.00036872145075130805
