TCR	Abundance
CASSTGLYNEQFF	0.008384783398210714
CATSRDIRLAGHTGELFF	0.0035130973876836983
CASSLLIGRADEQYF	0.0024031059300142713
CATSDLFVSGANVLTF	0.0017452953242249243
CASSRGSYNEQFF	0.0015089745622694978
CASLVVGGRHSYEQYF	0.0014066712021156334
CASSLGTYNEQFF	0.0011887650449879026
CASQGRAVDTQYF	0.001015872366327872
CASSFRGQGEGEQYF	0.0007775055371693683
CASSFWDRAINEAFF	0.0006526954377816539
CASSQTGLEYEQYF	0.0006373499337585743
CASSEAEGQGNQPQHF	0.000609728026517031
CASRQGPDTYEQYF	0.0005677836488539466
CASSSGTGDYYGYTF	0.0005626684808462534
CASRVDRVTYEQYF	0.0005585763464400988
CASSLELSGYTF	0.0005299314055970168
CASTSGNYGYTF	0.0005237932039877849
CASSFDRYYGYTF	0.0005186780359800918
CASSLLAGGPYEQYF	0.0005115168007693212
CASSEGSSDTGELFF	0.0005074246663631667
CASSFRPPDGLYGYTF	0.0005012864647539349
CASSETGAGNTIYF	0.0004961712967462416
CASSDKTAAYEQYF	0.0004941252295431643
CASSLAGLNQPQHF	0.000480825792723162
CASRTAGGSREQYF	0.0004767336583170074
CASSERDRGEEQYF	0.0004767336583170074
CASSFWPSAYEQYF	0.00047571062471546877
CASSLGQGAYEQYF	0.00047264152391085284
CASSSGQGGGTEAFF	0.0004716184903093142
CASSFLSAGDAVYEQYF	0.0004716184903093142
CASSSLWAGNTIYF	0.0004695724231062369
CASSEVTSGAYEQYF	0.00046752635590315965
CAIPISVQGSGNTIYF	0.00046343422149700507
CASSSRWTGSGNTIYF	0.00046343422149700507
CASSLTGTYGYTF	0.0004624111878954664
CASSIINYGYTF	0.00046036512069238915
CASSYGEGGNTIYF	0.00045320388548161864
CASSYADRGHEQYF	0.00045320388548161864
CASSLGGLAGNAYEQYF	0.0004501347846770027
CASSLSGDYEQYF	0.0004470656838723868
CASSVTDGVPYEQYF	0.0004470656838723868
CASSFPNLSDEQYF	0.0004450196166693095
CASTSRDRDRDSPLHF	0.0004439965830677709
CASSYSTGRNQPQHF	0.0004429735494662322
CASSSGLPGQGYEQYF	0.00044195051586469355
CASSFSALGGADGYTF	0.00044195051586469355
CASSESKGSRYGYTF	0.00044092748226315495
CASSSGGRVYEQYF	0.00043888141506007763
CASNLGQLSGNTIYF	0.000437858381458539
CASSLLAGGSYEQYF	0.000437858381458539
CASAPPGQRGASGNTIYF	0.000437858381458539
CASSGEGRRLTYEQYF	0.000437858381458539
CASSWYGDSYYEQYF	0.00043683534785700037
CASREGLRGYTF	0.0004358123142554617
CASSEAWGTGNTIYF	0.00043376624705238444
CASSDGDREQNEQYF	0.0004327432134508458
CASSFRLASSYEQYF	0.0004327432134508458
CASSLEASLQPQHF	0.0004317201798493071
CASSPGTGNGYTF	0.00042967411264622986
CASSSPGRYNQPQHF	0.0004286510790446912
CASSSTGGYEQYF	0.0004286510790446912
CASSFTGVTEAFF	0.0004276280454431526
CASSFEGADEQYF	0.0004276280454431526
CASSLLAGVREQYF	0.00042660501184161394
CASSIQGAIGYTF	0.0004255819782400753
CASSSLTLVVSYEQYF	0.0004255819782400753
CASSRDRVSYEQYF	0.0004255819782400753
CASSLTQGLGYTF	0.00042251287743545936
CASSYWPSGNTIYF	0.00042148984383392075
CASSLGLTGGNTEAFF	0.00042148984383392075
CASRPGSGNTIYF	0.0004204668102323821
CASSSHREVTQPQHF	0.0004204668102323821
CASRQVIHYGYTF	0.00041944377663084343
CASSFPRQGEVGDYGYTF	0.00041944377663084343
CASSEGQKTEQYF	0.00041739770942776617
CASSQYRGHSEQYF	0.00041739770942776617
CASSGTPSGGYTF	0.00041739770942776617
CASSPGTSGRTTYEQYF	0.00041739770942776617
CASSTRQGTYEQYF	0.00041739770942776617
CASSSMTSSYEQYF	0.00041535164222468885
CASSFGSRGRVSPLHF	0.00041535164222468885
CASTEESTNYGYTF	0.00041535164222468885
CASSATSAHEQYF	0.00041432860862315024
CASSSLTGPYQPQHF	0.0004122825414200729
CASSFRTRYYEQYF	0.0004112595078185343
CASRPTMGTGAYEQYF	0.0004112595078185343
CASNGQNGRAYEQYF	0.00041023647421699566
CASSYSPQQGGLNTEAFF	0.000409213440615457
CASSYEHQPQHF	0.000409213440615457
CASSLSAHRHF	0.0004081904070139184
CASSLAGGPIIEQYF	0.0004081904070139184
CASSSKEYGYTF	0.0004081904070139184
CASSLSGTVLYEQYF	0.0004081904070139184
CASSSLGQNQPQHF	0.00040716737341237974
CASSFSPTGSYEQYF	0.00040716737341237974
CASSDGNEQYF	0.00040716737341237974
CASRNSGTSYEQYF	0.0004061443398108411
CATSPDTGSYEQYF	0.0004061443398108411
CASSRGVAGRRNTIYF	0.0004061443398108411
CASFGEVSEQYF	0.0004051213062093024
