TCR	Abundance
CASSNLDSYEQYF	0.04506829757287943
CASSFYDRGYEQYF	0.013749632944845533
CASSHRTGGAPLHF	0.013178545752792151
CATSRDESHDGELFF	0.012597332901305198
CSARGGRGGEKLFF	0.012243947387073583
CASSEGHSYGYTF	0.011916888587369253
CASSYSTGYGYTF	0.011913850889539182
CASSQVGGRTEAFF	0.008040786156198422
CASKLQGAYEQYF	0.0077096770927206635
CASSVTTNTEAFF	0.0068530463046405895
CSAEGGLALETQYF	0.0063710649156026285
CASGGASGASEETQYF	0.005391913648376351
CASSSMTVDEQFF	0.00490284429773489
CASSLEFLAGQEEKLFF	0.004842090341133466
CASSLGFGNSPLHF	0.004644639982178839
CASSLPFTSGSGYNEQFF	0.004022924492957604
CASSLAAASWTYNEQFF	0.004007736003807248
CASSLSSGPGTPQHF	0.0039034417116414707
CASNSLDREIDEQYF	0.0038963537500379714
CATSRVAGETQYF	0.0035176540872224305
CASSSPDSYEQYF	0.0034720886197713626
CASSLATSNQPQHF	0.0034022215696797252
CASSEGTGFYGYTF	0.003231097925252382
CASSYSTGLTYGYTF	0.003103514616389392
CASASGDTGELFF	0.002833159509513057
CASSSLDSYEQYF	0.0027622798934780627
CASRVSHGVTEAFF	0.002698488239046568
CASSQGQFPTDTQYF	0.002680262052066141
CASSFEGYEQYF	0.002565842100466793
CASSGYSSYEQYF	0.0025091384076387975
CSAPDISNSPLHF	0.002421045170566733
CASSFQQGGGDGYTF	0.0024099069451898056
CASSYSENRDEQFF	0.002220557113782035
CASRLAGGTGANVLTF	0.0021466397999169696
CASSRGRFYEQYF	0.00196741562794277
CASSTPKSGGRFSDTQYF	0.0019613402322826274
CSASGGGKGETQYF	0.0019431140453022003
CASSLRPSSYEQYF	0.0018448951487965654
CASSPDGRPRYEQYF	0.00180540507700564
CATSRDRRFGRNEKLFF	0.00180540507700564
CSASPEQDSSPLHF	0.001790216587855284
CASSSRDGGYYNEQFF	0.001757814477667858
CASSPVGGSYEQYF	0.0017112364442734332
CASSQEWAELSYNEQFF	0.001605929586164299
CASSEGSSGSEEQYF	0.001523911744752377
CASSETTTGSYEQYF	0.0015016352939985216
CSASVVDTEAFF	0.0014479692990005974
CASSQDRTGFLDEQYF	0.0013943033040026732
CASSAGTGKANEQFF	0.0013274739517411072
CASSPPLRSTEAFF	0.0013183608582508935
CASSLEFVSGQIYEQYF	0.001294059275610324
CASSPDRGRGYTF	0.001293046709666967
CASSVDYRSDEKLFF	0.0012535566378760418
CASSESAGGTDTQYF	0.0011685010986340486
CASSLEGTGWAYEQYF	0.0011330612906165513
CASSLDTGEGTEAFF	0.0011158476695794814
CASSYGTGSPYGYTF	0.0010824329934486984
CASSSGGPVGDEQFF	0.0010672445042983424
CASSLPSGSYEQYF	0.0010297795643941312
CASSLGFLNSPLHF	0.000994339756376634
CASSLPALWPQHF	0.0009730758715661358
CASSQNRGLNEKLFF	0.0009578873824157799
CASTLGGDGGNEQYF	0.0008829575026073573
CSARNGGVLGGYTF	0.0008819449366640002
CASRTQREALNEQFF	0.0008606810518535019
CASSFGTDSYEQYF	0.0008566307880800737
CASSPTSASGELFF	0.0007736003807247947
CASSRRLAGQGDTQYF	0.0007725878147814377
CASSGLAVDEETQYF	0.0007685375510080094
CASSPSRINEQYF	0.0007543616278010106
CASSPRTGGQPQHF	0.0007543616278010106
CASSYSAEGSYEQYF	0.0007513239299709394
CASSYSTYYGYTF	0.0007462611002541541
CASKHKGGLDGYTF	0.0007260097813870128
CASSDSRTNNEQFF	0.0007229720835569416
CASKVSHGGTEAFF	0.0007209469516702275
CSIGGGNAFF	0.0007158841219534422
CATKKTHGEGQGISYEQYF	0.0007148715560100851
CSARDVGRGISAGELFF	0.0007098087262932998
CAISESDRGSYTF	0.0007098087262932998
CARQSGANYGYTF	0.0006591804291254468
CAISDWKGANTGELFF	0.0006551301653520185
CASSLEWLGTSTDTQYF	0.0006369039783715915
CASSYSHRESSYNSPLHF	0.0006348788464848774
CASSEEGTRGYEQYF	0.0006267783189380209
CASSRTTSGSYEQYF	0.0006207029232778785
CASSLYWDGANYGYTF	0.0006065270000708797
CAWSGGSEGYSPLHF	0.0005903259449771667
CASRMNPPGLPNTGELFF	0.0005589364007330977
CASSYSTGANEQYF	0.0005477981753561701
CASSVSGTGELFF	0.0005386850818659565
CSARDLREGIYEQYF	0.0005326096862058141
CASSQGTEGNNEQFF	0.0005214714608288865
CASSDAGTGDRYTF	0.0005214714608288865
CASSPPVGASNQPQHF	0.0004921070484715317
CASSAGPAGGPGEQFF	0.0004870442187547464
CASSSRGFVGYTF	0.0004748934274344617
CASRGGPNTEAFF	0.0004667928998876052
CASSYRGQGLEQYF	0.00045666724045403457
CASSKNRDYYEQYF	0.00045464210856732045
