TCR	Abundance
CASTSGDIVTLAEAFF	0.04663519264226613
CASSPRLAGSTDTQYF	0.01455129095230705
CASSQDRWTGYTF	0.011985518137042694
CASNQQGSTEAFF	0.010823620220699343
CASSGDLPTTTQYF	0.009644365305605697
CASSLGLMGGENQPQHF	0.007484950461083567
CASSDNPGGHTGELFF	0.007163335484239845
CASSLVSDDTYEQYF	0.005946303571866143
CASSLEGVGYGYTF	0.004886505648171593
CASSQVGRGNEQFF	0.004721103660080536
CSATPEQGNYGYTF	0.004693536662065361
CASSVTGDTGELFF	0.003279451763879473
CASSATENYGYTF	0.0031947087699809684
CASSLYLGEAFF	0.0028679887935048067
CASSYGQYHSPLHF	0.002515743818866445
CSARGQVSSYEQYF	0.0023329848320250922
CASSIYLSGELFF	0.002129805846653979
CASSPPSGQYQNEKLFF	0.0019878868568721465
CASSYRDTYEQYF	0.0018949758635617379
CASIIGGGSQPQHF	0.001736720874956097
CASSDLRGSSYEQYF	0.0016529988809840805
CASRRQGVGNEKLFF	0.0016070538842921204
CASSQEYGTGYEKLFF	0.0014447148959805276
CASSPQATNEKLFF	0.0013997908992150552
CASSFRGQGNTF	0.0012088639129617983
CASSPLDRGPDSPLHF	0.001189464914358526
CASSGGLSTDTQYF	0.0011823179148731102
CASSSGRDILNTEAFF	0.00115679291671091
CATSDLRSGNYGYTF	0.001142498917740078
CASSNISRGFPWEQYF	0.001133309918401686
CASSYGQANEKLFF	0.0011149319197249017
CASGVHSGNTIYF	0.0010403989250912773
CASSLEGYTEAFF	0.0010373359253118134
CASSERKNYGYTF	0.0009964959282522932
CASSLTARNEQFF	0.0009199209337656928
CASSEDQGTYEQYF	0.0008984799353094447
CASSVVPERDTGELFF	0.0008984799353094447
CASSDSRGGYNEQFF	0.0008433459392790923
CASSVGETEAFF	0.0008259889405287963
CASSYPRHRVNIQYF	0.000764728944939516
CASSEQDRLGYEQYF	0.0007575819454540999
CASSEDGGSSYEQYF	0.0007095949489091637
CASSLGQGHSTEAFF	0.0007034689493502356
CASSDSTSGSTDTQYF	0.0006616079523642274
CASSEGDREAYEQYF	0.0006595659525112514
CASSLTGGDGEKLFF	0.0006309779545695872
CSARTPDREPQPQHF	0.0006166839555987552
CASSEALKGASYEQYF	0.0005962639570689951
CASSQTSGEGDTQYF	0.000590137957510067
CASSEWEGSNYGYTF	0.0005880959576570911
CASSLKGSYNSPLHF	0.000585032957877627
CASSLHTGELFF	0.000574822958612747
CASSESEAGGTEAFF	0.0005533819601564988
CASSWTGGQDRAFF	0.0005472559605975709
CASSELAGGFGELFF	0.0005452139607445948
CASSSQDRQSQPQHF	0.0005370459613326907
CATSRDTAGTEAFF	0.0005329619616267387
CASSARGNTIYF	0.0005268359620678107
CASSHRDRNYEQYF	0.0005207099625088827
CASKGRRFYGYTF	0.0005084579633910266
CASSEEEGQGDSPLHF	0.0005013109639056106
CASRLDRASSYEQYF	0.00047476496581692245
CASSLGLLEQYF	0.00047272296596394644
CAISAGELYEQYF	0.00045332396736067436
CATSRDSADPSPLHF	0.0004451559679487703
CASRSGGASDEQYF	0.0004410719682428183
CASSFTWTSGAKSYEQYF	0.00044005096831633027
CATSDPGQGLYQPQHF	0.0004390299683898423
CATSDLGRDTGELFF	0.00043290396883091426
CASSYRPFWGEKLFF	0.00042167296963954617
CASSQDLGSYEQYF	0.00041452597015413016
CASRGQGHYGYTF	0.00040839997059520213
CASSYGTGAYGYTF	0.0004053369708157381
CASSLTAGGGYEQYF	0.0004053369708157381
CASSEAPGGYGYTF	0.0004022739710362741
CASSSRTGHTISGANVLTF	0.000393084971697882
CASGRVTTGYTF	0.00039206397177139404
CASSVSKVGNSPLHF	0.000387979972065442
CATSGLADTDTQYF	0.000384916972285978
CASSIDPYSNQPQHF	0.00038389597235949
CASRPRGQGHNTIYF	0.000381853972506514
CASSSAGTGLYEQYF	0.000381853972506514
CASNIRDYHTDTQYF	0.000381853972506514
CASGETYEQYF	0.000379811972653538
CARKPGTQSFYGYTF	0.00037879097272704995
CATSDDDRNSYEQYF	0.00037776997280056197
CASSVGGLNTEAFF	0.00037674897287407394
CASSLRTGSYEQYF	0.00036245497390324186
CASISLAGGTDTQYF	0.00035837097419728984
CATGQAHNSPLHF	0.00035837097419728984
CASRISGGMNSPLHF	0.00035837097419728984
CASSLWDRGNTIYF	0.00035734997427080186
CASSPGTFNQPQHF	0.00035632897434431383
CASSWTGRDQPQHF	0.00035326597456484984
CASSGRGRITEAFF	0.0003502029747853858
CASSLQGINQPQHF	0.0003491819748588978
CASSQEFQDRSYGYTF	0.0003471399750059218
CASSETGTGNTIYF	0.0003461189750794338
CASSPAGSNQPQHF	0.00034203497537348176
CASRIQGEYYGYTF	0.00034203497537348176
