TCR	Abundance
CASSQGGDIGTEAFF	0.08638190161396289
CASNYGTQAREQYF	0.019993990292794972
CSALAGTSGEGTDTQYF	0.011551879561393233
CASSQSTGSLAYEQYF	0.011483633733810715
CASSSGTGDYYEQYF	0.008656015564123067
CASSTRTEGTEAFF	0.00591192213864089
CASSLGSGGSGNTIYF	0.005707184655893332
CASRSGATNEKLFF	0.004490982892706354
CASSLDRARGRSGEKLFF	0.002976332958151047
CASSPRGGQGVYEQYF	0.002804190497532455
CASSPPDFYEQYF	0.0025250956205531984
CASSFAPYNSPLHF	0.0024986121650734153
CASSEGPSYEQYF	0.00238249239873898
CASRPAGTGILATDEQYF	0.0023753622376482693
CASGQEGHSNQPQHF	0.002348878782168486
CASSIDAAQSRGYTF	0.0023152651655979914
CASSPAYEQYF	0.002168587566017652
CASSTGPSYNSPLHF	0.002168587566017652
CATSSGTGSTEAFF	0.0021543272438362304
CAIRSGHYNSPLHF	0.002143122704979399
CASSYPTNEQFF	0.0021258065994733868
CASSLRTSENEQFF	0.001975054622126927
CASSPPNTGELFF	0.0019709802443608065
CASRQQTGLSNQPQHF	0.0018864369057138056
CASRRLAPNEQFF	0.00184365593916954
CSAPDDRAQQETQYF	0.0018304142114296481
CASSFSRDTQYF	0.0017468894672241773
CAISSPGQGNTEAFF	0.0016929039618230803
CASSLQGRPLYGYTF	0.0016501229952788148
CASIRTRDSTYEQYF	0.0015727098177225247
CASSIVGKAQETQYF	0.001498352423490825
CASMEWDRGGEKLFF	0.0014514970791804388
CASSYRPSGRANNEQYF	0.0014514970791804388
CASSYTSTTGNTEAFF	0.0013628793627673173
CASSPQTASLNTEAFF	0.0013038008851585696
CASSQVDRGGTEAFF	0.0012997265073924492
CASSFGTGEGQPQHF	0.001282410401886437
CASTPTISDSSAPRYGYTF	0.0012773174296787863
CASSFRGTGEANYGYTF	0.0012274063020438098
CASSPPTSNYGYTF	0.0011479559356044593
CAGSKGQALAKNIQYF	0.001143881557838339
CASSYSKTGDTQYF	0.0011428629633968086
CASSYTTGEAFF	0.001113323724592435
CASSNPGQGVTEAFF	0.001106193563501724
CASSLSEKNEQYF	0.00107563573025582
CAWRDRPNTGELFF	0.0010634125969574584
CASSQDALNTEAFF	0.0010043341193487108
CAYGPVGTGSHSPLHF	0.0010012783360241204
CASGRLAGNPETQYF	0.0009635903416875054
CASSLLLGPYEQYF	0.0009625717472459752
CASSEAVGPGNNEQFF	0.0009564601805967945
CASSLRTGVNQPQHF	0.0009177535918186494
CASSPRGVPSYNSPLHF	0.0008973817029880468
CASSAPGTGGWNTEAFF	0.0008882143530142756
CASSEHGAGANEQFF	0.0008688610586252031
CASSYRDNQPQHF	0.0008484891697946004
CASSLDREQYF	0.0008362660364962389
CASSLEGNTGELFF	0.0007812619366536117
CASSYPQGGVYEQYF	0.0007649644255891295
CASRRGTGHGSPLHF	0.0007476483200831173
CASTATGNTEAFF	0.0007466297256415871
CASSLESSTSPYEQYF	0.0007313508090186351
CASTPRRSSGGELFF	0.0007262578368109846
CASSTGTGRGEQYF	0.000722183459044864
CASSPLAGGTGELFF	0.000722183459044864
CASSAPGANVLTF	0.0007099603257465024
CASSFPPRTGGNYGYTF	0.0006906070313574299
CASTPPGTGVNSPLHF	0.0006855140591497792
CASSLGGMEDSYEQYF	0.0006498632536962246
CASSRSGPAGYGYTF	0.0006498632536962246
CAWRFGTGDYEQYF	0.0006294913648656219
CSASYREAQPQHF	0.0006193054204503206
CASSPGTGTYGYTF	0.0006101380704765494
CASSQDRGAGGYTF	0.0005846732094382961
CASSEADEAFF	0.0005673571039322839
CASSLQGKGSNQPQHF	0.0005592083484000428
CASDSGSNQPQHF	0.0005561525650754523
CASSPDRGRGYTF	0.0005541153761923921
CASSGRQGDGELFF	0.0005398550540109703
CASSQEEMAAVPDGYTF	0.0005296691095956689
CASSPRDLGRNQPQHF	0.0005266133262710785
CASSPSRLNTGELFF	0.0005184645707388374
CASRLRQGSGNQPQHF	0.0005174459762973074
CASSYSTSTGELFF	0.0005164273818557772
CASSLGSGGYEQYF	0.0005133715985311868
CASSSPDILNTEAFF	0.0005082786263235361
CASSERTRDEQYF	0.0005042042485574156
CASLGQSVYEQYF	0.0005031856541158854
CASSRITGDYEQYF	0.0005021670596743554
CSARDLVTGADQPQHF	0.0004929997097005841
CASSYRFSSQPQHF	0.0004929997097005841
CSARGFRGSYEQYF	0.00047059063198692124
CASSPRQGTAYEQYF	0.0004604046875716199
CASSSIAGGPGYNEQFF	0.0004522559320393789
CASSLQPGQGSSYEQYF	0.0004522559320393789
CASSASTGAGYGYTF	0.0004512373375978487
CASSLTIYEQYF	0.00044206998762407753
CASTAPGGTGNTIYF	0.0004410513931825474
CASSLGVYGYTF	0.00043901420429948715
CASSFLGGNSPLHF	0.000437995609857957
