TCR	Abundance
CASSSSLDSEGNTIYF	0.12921987686003225
CATSRDMAGTEAFF	0.05533488188097822
CASEPRSSYEQYF	0.04039376388367635
CASSLWGGDSYEQYF	0.025323825656526723
CASSQASGTGGDAEAFF	0.009436335419477212
CASSTGPAYNSPLHF	0.008865266211569477
CASSPSVASLQETQYF	0.0074563583433921304
CASSTDLAGGRDEQFF	0.007307251463174658
CATSVPRDQETQYF	0.005923701907959467
CASSSDSGGTDTQYF	0.005771552030186536
CSAREPGQGDYEQYF	0.0056802621035227764
CASSPRQPPYEQYF	0.005485510259973425
CASSGERSSYNEQFF	0.004938785032509357
CASMPESRETQYF	0.00428758355564121
CAISESGQEQYF	0.004237881262235386
CASSSVSNWETQYF	0.0034436589002606833
CASSLTGDLYEQYF	0.0032610790469331657
CASSTGPLQNSPLHF	0.0030298112327183098
CASSNLAGGREEQFF	0.002590605252213781
CASSLQGSGGYYEQYF	0.0025287309685861218
CASSLEAGGLDTQYF	0.0021950155700041587
CASSIREETQYF	0.0015904733889863774
CSARVAGTGANTEAFF	0.0015499000882469292
CASSLGQGIHYEQYF	0.0015285991053587188
CASSFAPRNYEQYF	0.0015275847728402326
CVPRNTEAFF	0.0014758538143974358
CASSTGPSYNSPLHF	0.0014504955014352804
CASSQDELRPYNSPLHF	0.0013845638877336768
CASRYRDDGSEQYF	0.0013531195796606043
CAWSSPNEAFF	0.0013308042642539077
CASLGGEIYEQYF	0.0012364713400346901
CASSEEDSFYEQYF	0.0012192276872204247
CASSRETNSYEQYF	0.001211113027072535
CASSQDPPTVTYEQYF	0.0011989410368507005
CASSEERGGGNTIYF	0.0011948837067767555
CASSKPRQGASREQYF	0.0010883787923357034
CAWSVRQEAFF	0.0010072321908568068
CASSLNPEKLFF	0.0009707162201913031
CASSMDLRTYEQYF	0.0009565155649324962
CASRGQGIKYF	0.0009199995942669926
CASRRTSSYEQYF	0.0009179709292300202
CASSQLQGGGEYYGYTF	0.0008763832959720856
CASSLSGGSFYEQYF	0.0008510249830099303
CASSPGGIWYDEQFF	0.0008378386602696095
CAISAGTYEQYF	0.0008266810025662612
CASGAGLADEQYF	0.0008266810025662612
CASSPGGNNSPLHF	0.000825666670047775
CAWSDSGTGTPFF	0.0008216093399738302
CASSIDPLGYRVNSGANVLTF	0.0008216093399738302
CSVPSGSSYEQYF	0.0008175520098998854
CATSTLDTRNTEAFF	0.0008114660147889682
CSVLTSGSYEQYF	0.0008094373497519957
CASSEGLAGGGYEQYF	0.000791179364419244
CASSYDGRPFHYYEQYF	0.0007901650319007578
CASSYSTGDQETQYF	0.0007881363668637853
CATSRGFGTGGLEQYF	0.0007810360392343818
CASSGDRRSYEQYF	0.0007637923864201163
CAWSERGTDGLGNEQYF	0.0007293050807915851
CASSVGQPTDTQYF	0.000724233418199154
CASRLTDEQYF	0.0007171330905697506
CASSPSWGVEQYF	0.0007069897653848885
CASNRQRDSYYGYTF	0.0006735167922748436
CATSRDPGVGNIQYF	0.0006603304695345228
CSARGGGGITEAFF	0.0006593161370160366
CASSEGRGRNYGYTF	0.0006552588069420917
CASSLGENQPQHF	0.0006522158093866332
CASSPLAGGNYEQYF	0.0006116425086471847
CASSLEGRFKNSPLHF	0.0006075851785732399
CATSDTTGYEQYF	0.0006045421810177813
CASSERAIDRELFF	0.0006004848509438364
CASSDRSGVQETQYF	0.0005974418533883777
CASVPRGGLTNLQNSPLHF	0.0005893271932404881
CASSFLSRVGLAGSWAYEQYF	0.0005842555306480571
CASSLGSTVEQYF	0.0005812125330925984
CASSLRAGNYEQYF	0.0005761408705001673
CASSSSRVNEQYF	0.0005720835404262226
CASGLVLGTGDTTSYEQYF	0.0005659975453153052
CASSLGPGGGEQYF	0.0005619402152413605
CASSEPRGTGVVYEQYF	0.0005538255550934707
CATSKPGQGYYEQYF	0.0005528112225749845
CASSRTDNNEQFF	0.0005497682250195259
CAWSVGDMGSPLHF	0.0005467252274640673
CASSALAGGYEQYF	0.0005457108949455811
CSAQGGTYNSPLHF	0.0005426678973901224
CASSLGGGVEAFF	0.00054063923235315
CASSFGTGGSYEQYF	0.0005396248998346638
CASTVLAGGYEQYF	0.0005386105673161776
CASTPSEAGLNSPLHF	0.0005365819022792052
CAWSQGQHNSPLHF	0.0005345532372422327
CATRLGQSSYEQYF	0.0005345532372422327
CASSEALGQPYEQYF	0.0005304959071682879
CASSYRSGGSGGYEQYF	0.0005284672421313155
CASSYLSLGFDEKLFF	0.0005274529096128293
CASRPGTNYEQYF	0.0005264385770943431
CASSNTGGSEKLFF	0.0005244099120573707
CASSLRGPGAFEQYF	0.0005233955795388844
CASTTPAGRSNQPQHF	0.000521366914501912
CASREDRGAYEQYF	0.0005203525819834258
CASKFGQASSYEQYF	0.0005183239169464533
CAWSQGGDWYEQYF	0.0005173095844279672
