TCR	Abundance
CASSEEATAAYEQYF	0.058165268370240025
CASSLMWREQYF	0.030411803634655794
CAITERGGNYGYTF	0.028039121802750238
CASSQDPPTEGLADTQYF	0.02628553304523649
CATEAPGTSDEKLFF	0.021281959790463933
CAWSLPTKLNYGYTF	0.015180487487508857
CASSAGDSPSTDTQYF	0.01440992500739557
CASSLEELRRPEQYF	0.009329092189973132
CASSASGASGDEQYF	0.007539923370712729
CASSFEGQGDTQYF	0.006592477155058926
CATSWDTGELFF	0.005087948829771769
CASSLPDEQYF	0.004946645155977908
CASRTGTGNLYEQYF	0.004181165541828429
CATQPGQKNQPQHF	0.0038731438644216665
CASSLVGGPYPYEQYF	0.0034482162698473207
CASSSPRVGNTIYF	0.0033841721587033404
CASGASSYEQYF	0.0031168134090070417
CATRQFGQANYGYTF	0.003011089796959836
CARSSGNTIYF	0.002967377149671088
CASSLEYLAGEYEQYF	0.002931797087924432
CASSSRLTGGGTEAFF	0.0027335653153359217
CASSYSDRRLVAQHF	0.0026827366556978417
CSVTDPGRWGPEAFF	0.0026461400207584244
CASSLASGYTF	0.0025851456291927292
CASSLGGQEGGYGYTF	0.0025688804581085437
CASIESAGNRGTEAFF	0.0025292341035908416
CASSPTAGELFF	0.002445875101784391
CASRTGATNEQYF	0.002141919717148675
CASSLRTSGFYEQYF	0.002101256789438211
CASSLGQRGTQYF	0.0018613455159464754
CASTIGQLYNEQFF	0.0017546053307065082
CASSNWESRDNYGYTF	0.0017535887575137465
CASSFGEGSYEQYF	0.0017159755493815676
CSADTGDPGNTIYF	0.00152587636233515
CATSRSPGGRQYEQYF	0.0014303184822155603
CASRRTGGTYEQYF	0.0013988047132399508
CASRPRGANTGELFF	0.0013683075174571032
CASSPPRQANTGELFF	0.0013398434680597785
CASIWLKREFDNEQFF	0.001278849076494083
CASSDGHGSNTEAFF	0.0012646170517954208
CASSTKIQEISGNTIYF	0.0011934569283021093
CASSPRGRNGELFF	0.001189390635531063
CASSLTPGGRNTEAFF	0.001141611695471268
CASSDPGEGVLIGYTF	0.0010735012915562413
CSARERGFSGRAYEQYF	0.0010633355596286254
CASSLSEISYEQYF	0.0010501201081227248
CASSYTSSGSETQYF	0.0010003080216774067
CASNPGQGRVGLFF	0.0009860759969787445
CASGVGTEAFF	0.0009555788011958967
CASSRTSATGELFF	0.0009494793620393272
CAWLLGGADGYTF	0.0009372804837261881
CASSLEVVNTEAFF	0.0009138993002926714
CASKDGRSSYNEQFF	0.0009077998611361019
CASSDSAGGRNEQFF	0.0009027169951722939
CASSGPGLAGEGESYEQYF	0.0008508717623414527
CASSFGPGAYPEQYF	0.0008254574325224129
CATSDWSAGNTIYF	0.0007817447852336645
CASSLEVVGYGYTF	0.0007756453460770949
CAWVLNTEAFF	0.0007471812966797702
CASSPTAGEAFF	0.0007420984307159623
CASSLEQMRDEKLFF	0.0007278664060173
CASSSFVGTEAFF	0.0007004189298127371
CASSKASGSSYEQYF	0.0006760211731864588
CASSEGASEQFF	0.0006567062825239885
CASKEGRDYEQYF	0.0006404411114398031
CSATVGDGHTEAFF	0.000628242233126664
CAWSPDTEAFF	0.0006272256599339024
CASSRTPTSLLDEQFF	0.0006068941960786705
CSPGFSGSLTYEQYF	0.0005936787445727699
CASSVSVNYGYTF	0.0005723307075247764
CASRTGTATNYGYTF	0.00056826441475373
CASSYTTSGTDTQYF	0.0005652146951754453
CASSSRLAGYEQYF	0.0005489495240912598
CASRHSPEGGRITYEQYF	0.000545899804512975
CASSPRGPKEQYF	0.0005377672189708823
CASSEGQGGSYEQYF	0.0005326843530070744
CASSHDRRQGGLSGRSYEQFF	0.0005316677798143127
CASTLAGRWGNQPQHF	0.0005255683406577431
CASSLGPRGSTDTQYF	0.00052353519427222
CASSPSSSYGYTF	0.0005215020478866969
CASSLTARNEQFF	0.0005062534499952729
CASGGGQVQETQYF	0.0005052368768025113
CASSLARQTYYGYTF	0.0004798225469834715
CATSEREEVYEQYF	0.000473723107826902
CASTPGPEARELFF	0.0004727065346341404
CASSPTSAAGELFF	0.00046254080270652446
CASSFLGAAPYEQYF	0.0004483087780078622
CASSSWGGNTDTQYF	0.0004483087780078622
CASSQDRGGFGYEQYF	0.0004432259120440542
CASSYDRGDRANQPQHF	0.000441192765658531
CASSLWEMNTEAFF	0.00042594416776710716
CASSYSTGPYEQYF	0.00042594416776710716
CASSLLRGEAFF	0.00041679500903225283
CASGTGSEQYF	0.00041476186264672964
CAISERPLNYGYTF	0.0004056127039118753
CASSLGAGWDSPLHF	0.0004045961307191137
CASSYVPQGSGGYTF	0.0004005298379480673
CAWSGGTEAFF	0.0003934138255987362
CASSQLSEAGDYEQYF	0.0003923972524059746
CSAEDVGDYGYTF	0.000391380679213213
