TCR	Abundance
CASSKGQHSNQPQHF	0.007926565896888981
CASRLGTGFEQFF	0.0051359550711657055
CATLRLGSYEQYF	0.0050887609174953856
CASSLASTGGSLYF	0.003745779457616059
CATSDPTGLDEQFF	0.003353862790179923
CASSERQGEYTGELFF	0.0028429347787055875
CASSWDWTSGRAIETYEQYF	0.002615171689253173
CATSDGGASGLDEQFF	0.002299176051634508
CASKGFGVTEAFF	0.0016281983016260438
CASSQQQVRNTEAFF	0.0015502253520837757
CASSENLFGGANTGELFF	0.0013101507442825821
CASSLSRDSLYGYTF	0.0012773200286858378
CASTQTSGTSYEQYF	0.0012465412328138898
CASSVGQGTYEQYF	0.0012219181961163315
CSGQGDSYEQYF	0.0011295818085004879
CASNVPGLAGGVVAYNEQFF	0.0010998289724909382
CASTRRPSSGNTIYF	0.0010546867385454147
CASRKLQGRNTEAFF	0.001016726223636679
CASSEESVINQPQHF	0.0009623503509295709
CASSIGQGRGYTF	0.0009613243910671726
CASSWGQGYTEAFF	0.0009520907523055883
CASSPTGSDGYTF	0.0009397792339568092
CASSISGTLDGYTF	0.0009233638761584369
CASSLTGGKTYEQYF	0.0009100263979472595
CASSFAAYSNQPQHF	0.0008946370000112856
CASSLSGRANEQYF	0.0008792476020753116
CASSEGLNRAEEAFF	0.000873091842900922
CAWRRSYEQYF	0.0008618062844145411
CASSSWDQTYEQYF	0.0008464168864785672
CASSLSPSGSHEQYF	0.0008351313279921863
CASSLTGTNYGYTF	0.0008310274885425932
CASSLVGGQSEQYF	0.000830001528680195
CASSFFWQRTTYEQYF	0.0008238457695058053
CARQGALTNYGYTF	0.0008176900103314158
CASSADLIDRNEVGNQPQHF	0.0008084563715698315
CATDLDGDNNEQFF	0.0008012746525330436
CASSLGGIQRDLEQYF	0.0008012746525330436
CASSSLGRAYEQYF	0.0007930669736338575
CASSVQGTLSYEQYF	0.0007828073750098749
CASSGQGIKQYF	0.0007704958566610957
CASSLRRTGDSPLHF	0.0007612622178995113
CATQALGYEQYF	0.0007602362580371131
CASSSYRGGEQYF	0.0007581843383123165
CASNEYPSSYEQYF	0.0007571583784499183
CASSGQIFYGYTF	0.00075613241858752
CASSESGAVLTYEQYF	0.0007540804988627234
CASGRGFSYEQYF	0.0007530545390003252
CASSSGQGISYTF	0.0007499766594131304
CASSEAEGGTYEQYF	0.0007499766594131304
CASSLGSGIANTIYF	0.0007479247396883339
CASSLWTGGSYEQYF	0.0007479247396883339
CASNLPGGRSEQYF	0.0007468987798259357
CASSLGRGSGNTIYF	0.0007458728199635374
CATLSWRGEDDGYTF	0.0007417689805139443
CASSLQHQPQHF	0.0007407430206515461
CATSSGNFAKEQYF	0.0007397170607891478
CASSLSAGGHEQYF	0.000736639181201953
CASTPQVFNQPQHF	0.0007345872614771565
CASSITGYGYTF	0.0007335613016147582
CASSPLRGPSYEQYF	0.0007315093818899617
CASSPILGSGLWSYEQYF	0.0007304834220275635
CASRVNGPRGYEQYF	0.0007243276628531739
CASSVDGDYEQYF	0.0007222757431283773
CASGSRGLDYGYTF	0.0007222757431283773
CASSLWGGSLSPLHF	0.000717145943816386
CASRVPLGNYGYTF	0.0007079123050548016
CASSSRTGVLESDSPLHF	0.0007068863451924034
CASSAGAGELFF	0.0007068863451924034
CATSDGGREGLDTQYF	0.0007058603853300051
CASSYRGLTYEQYF	0.0007048344254676069
CASSAGAEHQPQHF	0.0007038084656052086
CASSLGKSSYEQYF	0.0007038084656052086
CASSHRRENYGYTF	0.0007027825057428104
CASSSAESYEQYF	0.000701756545880412
CASSLLGLAGGQGYEQYF	0.000701756545880412
CASSLQINYGYTF	0.0006997046261556155
CASSSRGISYEQYF	0.000697652706430819
CASSEFPVSSYEQYF	0.0006945748268436243
CASSLRGGILNEQYF	0.0006945748268436243
CASSYDSSTGNTIYF	0.0006945748268436243
CASSLSIYLQPQHF	0.0006945748268436243
CASSPRGDQPQHF	0.000693548866981226
CASSRDSLSNQPQHF	0.000693548866981226
CASSSQGFSSYEQYF	0.0006914969472564294
CASSLAGNNYGYTF	0.0006904709873940312
CASWTSDYEQYF	0.0006904709873940312
CASSLTRANYGYTF	0.0006863671479444381
CASSNRGDQPQHF	0.0006853411880820399
CASSGRTDSYEQYF	0.0006843152282196415
CASSLDGTGANYGYTF	0.0006812373486324468
CASSHREITYYEQYF	0.0006802113887700485
CASSLATPYEQYF	0.0006699517901460659
CASSEGRGLGNTIYF	0.0006678998704212694
CASSYGRVDEQYF	0.0006658479506964728
CASSLLIQRPRYEQYF	0.0006617441112468798
CATIRGGDRGDGYTF	0.0006617441112468798
CASSATVYSNQPQHF	0.0006617441112468798
CASSSRGLNYGYTF	0.0006607181513844816
CASTPGTRSYEQYF	0.0006607181513844816
CASSERGTGFSPLHF	0.0006596921915220833
