TCR	Abundance
CASSYERGGYEQYF	0.08105493044481873
CASSYSPGATTGYTF	0.05085827545564659
CASSLIGDTTYEQYF	0.023304350308522397
CASSFDYGYTF	0.014803161487922155
CASSYSGWSYGYTF	0.013521559863132694
CSAREDRGNSPLHF	0.007224685054302389
CASSLSSLNEQYF	0.0063631469692211695
CSARDQDRGDNSPLHF	0.006345814250349713
CASSPVTSGYEQYF	0.00454423105941656
CASSERIASSYEQYF	0.0040487192140325695
CASSSGTQSYEQYF	0.003654144966782354
CASSLEVYGELFF	0.003568500944123393
CASSPLDVDAFF	0.0031056153930856725
CASSLEILNTEAFF	0.0030689108119461178
CASSFGRVDDGYTF	0.003052597664772982
CATSRGPRDRGYEQYF	0.0028762117609634546
CASSSGTDEQYF	0.0026131622627966443
CASSESLDRVWEQYF	0.0024826570854115603
CASSRGTGQALGDTEAFF	0.0019157752211451013
CASSDLSGSYNEQFF	0.0019004816456702869
CASGREDYGYTF	0.001591551421079033
CASSSGTEQYF	0.0015548468399394781
CASSLDNQPQHF	0.0015375141210680217
CATSDNRDSNSPLHF	0.0015191618304982444
CASSLGSGNIQYF	0.0014855159644536523
CSARIVRTGSTYEQYF	0.0014498309550124184
CASSQANRRDPDRPQHF	0.0014161850889678263
CASSPSTEYYEQYF	0.0013825392229232345
CASSQGYGFSNQPQHF	0.0013132083474374084
CASHNRGGFWEQYF	0.0012143098927002744
CASSGDSNQPQHF	0.0012010554606221018
CASNAVEDQPQHF	0.0011358028719295598
CASSLRQGALSAGNTIYF	0.001103176577583289
CANSQGVDEQYF	0.0010889025738067951
CASSYQAGGSEKLFF	0.001066471996443734
CASSQVTSGRVIYNEQFF	0.0009828671171814144
CSAVQSSYNEQFF	0.0009563582530250692
CSVEGSARNTEAFF	0.0009502408228351434
CSARGTSDYEQYF	0.0009278102454720821
CASSMGRHDGYTF	0.0009135362416955885
CAIRTGLAGGSISYEQYF	0.0008860078058409224
CAIRATSGFDNEQFF	0.0008594989416845771
CASSPGQEAYEQYF	0.000827892219036627
CASRGGAGKRDYGYTF	0.0007911876378970722
CASRAGRTGGETQYF	0.0007891484945004302
CASSDSNVGEQFF	0.0007779332058188997
CASGQTGEGNTEAFF	0.0007402090529810238
CASSMGTSGEQYF	0.0007208371907129253
CASSESGDVLEQFF	0.000699426185048185
CAWADPGTMVEKLFF	0.0006912696114616172
CASSDSGEGAGGYTF	0.0006820934661767284
CASSFAGTGDLNQPQHF	0.0006800543227800865
CASSDDRDAGELFF	0.000666799890701914
CASSFLRDTPFYNEQFF	0.0006617020322103091
CASSLDRSEALHF	0.0006596628888136672
CASRHSPGTSGRNYEQYF	0.0006474280284338155
CASSLRQPQHF	0.0006402910265455688
CASSFPDSGNTIYF	0.0006362127397522849
CASSEPDREWYEQYF	0.0006239778793724332
CASSLVLAAHTGELFF	0.0006198995925791493
CASSETGTSGYNEQFF	0.0006005277303110509
CATRQGSNTEAFF	0.0005852341548362364
CASSEGTGGYEQYF	0.0005770775812496687
CASSGGTGGYEQYF	0.0005546470038866073
CAWSRNSLFYEQYF	0.0005352751416185089
CASSFGGWGEQYF	0.000531196854825225
CASSSDSYEQYF	0.0005260989963336202
CASSSLAGGDEQFF	0.0005250794246352992
CASSLSPSGAYEQYF	0.0005220207095403363
CASSPGFSGNTIYF	0.0005128445642554475
CASTQKGFNQPQHF	0.0005006097038755959
CASRPGTGMYGYTF	0.000498570560478954
CASRYSYEQYF	0.00048633570009910235
CASSLASTGAEAFF	0.00048327698500413944
CASSLHTQHF	0.0004822574133058185
CASSLGYSGNEQYF	0.00048021826990917653
CASGNLRDRGYGYTF	0.0004751204114175717
CASSSHLGHPSGYTF	0.00047104212462428785
CASSYVQGSSYEQYF	0.0004690029812276459
CASSERERGDTGELFF	0.0004628855510377201
CASSRASTGTYEQYF	0.0004608464076410781
CASSLGRGSGNTIYF	0.00045676812084779426
CASSQDRGSNQPQHF	0.0004465724038645846
CASSPSTTNYGYTF	0.00044351368876962167
CASSEGTSGSNEQFF	0.0004394354019763378
CASSESFSGANVLTF	0.00043433754348473294
CASSPRPTGEDGYTF	0.00043127882838977003
CASSQEEGLYEQYF	0.0004302592566914491
CASSLETGSWTGYTF	0.00042312225480320225
CSASVPGYYEQYF	0.0004159852529149555
CASSPRAEGNEQFF	0.0004139461095183135
CASSSDRGDLNTEAFF	0.0004057895359317458
CASSLSAGPPGKDGYTF	0.00039865253404349903
CASSISSVGEAFF	0.00039661339064685707
CASSDVEPGANYGYTF	0.00039661339064685707
CASVTGLEAGELFF	0.00039049596045693125
CASSYGTSNEQYF	0.00039049596045693125
CASSDHITFTEAFF	0.00038743724536196834
CASSLILGTGYEQYF	0.0003813198151720425
CASSEVGHQPQHF	0.00038030024347372157
