TCR	Abundance
CASSSLPQGGHYRYTF	0.03298761163929703
CASSLDDRAGNTIYF	0.02620693912828744
CASSLASNQPQHF	0.01186874922829979
CASSPLRGTYEQYF	0.010331522410174095
CASSESADSGSQYF	0.009545417129686793
CASRGGSYEQYF	0.008280857719059967
CASSSGSGQPQHF	0.007322920525167716
CASSFPMTAGNSPLHF	0.006411285343869613
CASRPGLAVSTDTQYF	0.005861834794419064
CASSFWSFSNQPQHF	0.005579906984401367
CAYTPGINSNTGELFF	0.005535662839033626
CSARDGVWDATNEKLFF	0.005116886858459892
CASRRDEAYNEQFF	0.004640490595546776
CASRTGTGGRGANVLTF	0.004628143392188336
CASSQGGTGELFF	0.004389430793925176
CASSDVRDYEQYF	0.004242293287237108
CASSLTGLASYEQYF	0.004212454212454212
CAISEGLLAFF	0.0040570852368605175
CASSSLGQSSNSPLHF	0.0038255751738897805
CASNLQGSTEAFF	0.003637280322673581
CASSWGGGKYEQFF	0.003565254969749352
CASSPPGQVTEAFF	0.002905708523686052
CASSPILTEPSYEQYF	0.0028223649010165864
CASSLDGKGYTF	0.0028182491665637733
CASSLDVRGQGSGEYYEQYF	0.0027256451413754787
CASSSGGRGDEAFF	0.002682429929620941
CASSGEGRRTDTQYF	0.002679343128781331
CASSFRGGETQYF	0.0026361279170267933
CASSLGGLQPQHF	0.002583652302753426
CASSYSRTSLRGSHEQYF	0.0025764497674610034
CASSFGGAGYGYTF	0.0025692472321685806
CASSQEQGARSNEQFF	0.0025394081573856856
CASSLEGVRNTIYF	0.002500308680083961
CASTNDRDSNQPQHF	0.0019951022760011524
CASRQRDSYEQYF	0.0018531094373791003
CASSSTGFGYTF	0.0018242992962094085
CASSPWTPRDDEQYF	0.001698769395398609
CASSQDLKRGDYEQYF	0.0016308597769271926
CASSITSGGEQFF	0.0016236572416347696
CASSLEVGGDSPLHF	0.0016113100382763304
CASSEEPTGAGEQFF	0.0015588344240029634
CAWSRPPNTEAFF	0.0015444293534181174
CASSWASGSGADTQYF	0.0015331110836728813
CATSRRGLAGDNEQFF	0.001519734946701239
CASSLGRAESPLHF	0.0014785776021731078
CASSHLAGGSQEGYTF	0.001452854261843026
CASSGGRTGYSNQPQHF	0.0013684817055603573
CASSLAVSNQPQHF	0.0012964563526361278
CSAISRASRNQPQHF	0.0012429518047495575
CASRRSQSDTGELFF	0.0012007655266082233
CAWSRPPDSSLAF	0.0011801868543441577
CASSEGWKEKLFF	0.0011503477795612627
CASSQEAGENQPQHF	0.0011421163106556365
CAWISSAGKDTEAFF	0.0011205087047783677
CASSLFMGSYNSPLHF	0.0010711198913446105
CASSLSWANTEAFF	0.0010598016215993744
CASSPDSGNTEAFF	0.0010567148207597647
CASRSGDASGELFF	0.000999094538420381
CATSDVQGAGDEKLFF	0.0009826316006091287
CASSITSGGEQYF	0.0009435321233074042
CASAPQSSYEQYF	0.0009322138535621682
CASSYSGTGASPLHF	0.0009188377165905256
CASSLTSGGEQFF	0.0009178087829773223
CASSITGQREQYF	0.0008951722434868502
CASSARTGGSNQPQHF	0.0008776803720623945
CATSRGRGDNQPQHF	0.0008766514384491912
CASLRGGGANVLTF	0.0008591595670247356
CASSLDVGEDTGELFF	0.0008540148989587191
CASSEADRYYGYTF	0.0008509280981191093
CASSTGGEQYF	0.0008406387619870766
CSAREVRGVGSPLHF	0.0008406387619870766
CASSEGQGSITYF	0.0008324072930814503
CASSTRQGANQPQHF	0.000827262625015434
CASSVGQGTSYEQYF	0.0008118286208173848
CAWSGGTGAAYGYTF	0.0007963946166193357
CASSLAGEDTEAFF	0.0007614108737704243
CASSEEGGSSYEQYF	0.0007480347367987818
CASSGLAGDTGELFF	0.0007470058031855785
CASAYTENTEAFF	0.0007326007326007326
CASSFVGGPSEQYF	0.00071922459562909
CASSLQGVGNYGYTF	0.0007037905914310409
CASSIPITGGNSPLHF	0.0006935012552990081
CASSLYGGVQQGYGYTF	0.0006821829855537721
CASSMAGNYEQYF	0.0006811540519405688
CASSYPGTDGETQYF	0.0006770383174877557
CASSYTLNYGYTF	0.0006698357821953327
CASSEDSSGANVLTF	0.0006554307116104869
CASSPGQGSNQPQHF	0.0006502860435444705
CASSYAGQGANTGELFF	0.0006502860435444705
CASSQDPGGVHTQYF	0.0006461703090916574
CAIPQGVSDNSPLHF	0.000641025641025641
CAWSRPPRHEQYF	0.000629707371280405
CASSRPHSGNTIYF	0.0006276495040539984
CASSSGGLENEQFF	0.0006091286990163395
CASSLSSSHEQYF	0.0006050129645635263
CASSLTTNSPLHF	0.000603984030950323
CASSDSESTGELFF	0.0005906078939786805
CASSYRRGQNEQFF	0.0005875210931390707
CSVGDSVNYGYTF	0.0005803185578466477
CASNLGTGVEKLFF	0.0005792896242334444
