TCR	Abundance
CSALRTSGSDEQFF	0.060947375481704424
CASSTPLLAGETDTQYF	0.03617137750697268
CAGCSGSSVNEQFF	0.0347779237105684
CASSYQTGTGVYGYTF	0.02679477498101311
CASSHSPDRETEAFF	0.018876538695389702
CASSPFTGTGYGYTF	0.015149482539634456
CASSQEEGFYEQYF	0.010000843861771115
CASSLSFEQFF	0.006268378335688212
CASSYASGTADIQYF	0.006050921648516426
CASSLLGNEQFF	0.004402145572646761
CASSLVGGYNEQFF	0.004335069380583823
CASSPSQVYYNEQFF	0.004229045722161757
CASSLGLSYEQYF	0.003741120518607152
CASTTGEGTDTQYF	0.0036156231270055243
CASKYGHLSNYGYTF	0.0033473183587537677
CASSLSPRDEQYF	0.003145007908499419
CASTGTGTGNQPQHF	0.0021237187906378947
CASSPKGWGTGELFF	0.002065297591099206
CASSRRFDEQFF	0.0019398001994975777
CASSRDWAYEQYF	0.0019192445922524835
CASSFTQNRGYTF	0.0018997708590729205
CSVVDFQGSYEQYF	0.0016963785347530406
CASSSGHSQPQHF	0.0015914367503965068
CASSLTGLHGYTF	0.0015243605583335677
CASSPEPRGVNEQFF	0.0015113780695471925
CASRKTGSIYGYTF	0.0014789218475812541
CASSLDSAYEQYF	0.0014086000333217211
CSAREPGTGNTIYF	0.0013750619372902516
CASSTWTGHSPLHF	0.0013263776043413442
CSARAEGAGNTIYF	0.0013047401230307188
CASNLQRGGGDTQYF	0.0012549739160162801
CASSWTESHEAFF	0.0012538920419507488
CASSYSPTGPYGYTF	0.0012073714571329038
CASSLWGGTNEKLFF	0.0012008802127397163
CASKFDPEGGNTIYF	0.0010753828211380882
CASGPGEGYNEQFF	0.0010450903473032125
CASSLLSAARGAEQYF	0.0009607041701917729
CASFKTGQAYEQYF	0.0009185110816360533
CASGFLRAGDGSYEQYF	0.0008287155341969573
CASKQGANYGYTF	0.0008178967935416445
CSARDRTGRNTEAFF	0.0008016686825586754
CASSALDSYEQYF	0.0007746218309203935
CASSQGDTGELFF	0.0007681305865272059
CSVVPSGSGKEQYF	0.0007659668383961433
CASSPGGRGSNEKLFF	0.0007551480977408306
CASREGSGEQYF	0.0007313468682991425
CAWTKDRGEQYF	0.0007172825054472359
CASSLGLHYEQYF	0.0007075456388574544
CASSPGLAGYSPNNEQFF	0.0007043000166608606
CASSYTGDEQYF	0.0006956450241366104
CASSARSSYSGELFF	0.0006209957136149523
CASSYSSNEQFF	0.0006015219804353894
CASSRGQQHYGYTF	0.0005896213657145454
CASSLYAVGGREQYF	0.000584211995386889
CASSHRQGITDTQYF	0.0005820482472558264
CASSIRNRASGYTF	0.0005571651437486071
CASRTSGGKVTEAFF	0.0005539195215520132
CSARRGQSNQPQHF	0.0005441826549622317
CASSFLGARPQHF	0.0005366095365035128
CASRTGESQPQHF	0.0005063170626686372
CASSDGELGGYTF	0.0005041533145375746
CASSLWGGSSYNEQFF	0.000501989566406512
CATSWDSGNTIYF	0.0004998258182754494
CASSDRRDYRHF	0.0004998258182754494
CASSLSPRTGSHEQYF	0.0004890070776201367
CASSSRQGGSYEQYF	0.0004879252035546054
CASSILVEGTTNEKLFF	0.00048684332948907414
CASTRDTNTYEQYF	0.00047710646289929266
CASSSPGRAGANVLTF	0.0004716970925716363
CASSEGSRGGYEQYF	0.0004716970925716363
CASSYPGWITEAFF	0.0004662877222439799
CASSLGLNYEQYF	0.0004576327297197297
CSVGPPNNEQFF	0.0004543871075231359
CASSDGDYEQYF	0.0004533052334576046
CASSYSGSYNEQFF	0.00045114148532654204
CASSANGGSYGYTF	0.00045005961126101077
CASSQEGTGVYHGYTF	0.0004489777371954795
CSAIRDGLYEQYF	0.00043274962621251035
CASSAFHTGELFF	0.0004219308855571976
CATSSGSSYEQYF	0.0004219308855571976
CASSLEEFLSYNEQFF	0.0004219308855571976
CAISESCVAGTQHQPQHF	0.00041976713742613507
CASSWTGGVYF	0.0004165215152295412
CASSDGAGGIEQYF	0.00041219401896741613
CASRGTSNYGYTF	0.00040029340424657206
CASSEAGGSGANVLTF	0.000395965907984447
CSVDRAGTGREQYF	0.0003927202857878532
CSARPVGSGNTIYF	0.0003905565376567906
CASSRASVGYTF	0.0003862290413946655
CASGPLTGGDGYTF	0.0003862290413946655
CASTSRYGYTF	0.0003808196710670091
CASSFTRNTEAFF	0.0003689190563461651
CASRQGSQPQHF	0.0003635096860185087
CASSVRSTDTQYF	0.0003624278119529774
CASSVASWQPQHF	0.0003624278119529774
CASSSGLAGLSPNTGELFF	0.00036134593788744615
CASSLGWGRGNSPLHF	0.0003548546934942585
CASSPNGRNEQYF	0.00035160907129766467
CSARIGDTEAFF	0.0003505271972321334
CASSEPRHHEQYF	0.00033970845657682066
