TCR	Abundance
CASSLFGGPGYEQYF	0.03043440182168506
CSAPSGNGEQYF	0.018646608578050977
CASTLKVRRHEQFF	0.014464106042275151
CASSFWYRAVWYEQYF	0.011941569207330735
CSARGLAGYEQYF	0.010364092599608125
CASSQGHNQPQHF	0.009988308953223592
CSARDGQGDTGELFF	0.0076551915172697535
CASSGTGPYNEQFF	0.00758186787895082
CASSLRRLASGNEQFF	0.004975823567032063
CSARDEGGLEQYF	0.004673363558966462
CASSCLCGKGSYEQYF	0.00434035203493464
CASSESGSSTDTQYF	0.0032720673599824024
CASIEGAGNEKLFF	0.002804629165699202
CASSYSTGGHDEQYF	0.0023494115778024903
CASSLYRLAGDGGELFF	0.002186470159315972
CASSPSHNQPQHF	0.0019043778285611865
CASSATSGSGAYEQYF	0.001855495403015231
CASSYMNTEAFF	0.0017190319650327716
CASSSGDEQYF	0.0016711679233523567
CASSEDNYGYTF	0.0016681127717557344
CASSLQGGTYNEQFF	0.0016579289331003272
CASSESGFRRTGELFF	0.0015825685270503122
CASIRTPGYEQYF	0.0015815501431847715
CASSYSAGGTEAFF	0.0015784949915881492
CASSLPQREIFYEQYF	0.0014430499374712307
CASSEISGANVLTF	0.0014175903408327121
CASSPLPGQGARSPLHF	0.0012352996289009194
CASTSGGAQDTQYF	0.0011650311421786083
CASTISSGSPYNEQFF	0.0010448618460448009
CASSTTSGSSYEQYF	0.0010346780073893934
CASSLSPRQGEFF	0.0009949610366333044
CASSSNRGLATGELFF	0.0009857955818434378
CASSTPGTGDYEQYF	0.0009695014399947858
CASSPGQTSGANVLTF	0.0009603359852049192
CASSYSTGGYEQYF	0.000949133762683971
CASSPTDSRAGNTIYF	0.0009460786110873488
CASSASSYNEQFF	0.0009277477015076155
CASSRSLEAFF	0.0009196006305832896
CASSEATSGSYEQYF	0.0009012697210035562
CASSPQREAYNEQFF	0.0008747917404994969
CAISQQPYEQYF	0.0008727549727684154
CASRQSNTIYF	0.0008401666890711117
CSASRGWGEAFF	0.000835074769743408
CASSLEQGARSDTQYF	0.0008187806278947561
CASSENTGASYEQYF	0.0008177622440292154
CASSSNRVPSNQPQHF	0.0008136887085670524
CASQNWAGYSYEQYF	0.0008045232537771858
CATSQGSSSPLHF	0.0007902658796596154
CSVEEEPGGSYEQYF	0.0007678614346177191
CASHGSYNQPQHF	0.0007586959798278524
CASSELAGSTYEQYF	0.0007342547670548746
CASSVGPQPPDTQYF	0.0007332363831893338
CASSLEAGSFSYEQYF	0.0007138870897440598
CASSEDGSGSKAEQYF	0.0006863907253744598
CASSEGGTGGSPLHF	0.0006833355737778375
CASSEGDSSYEQYF	0.0006751885028535116
CSARVGRELYEQYF	0.0006670414319291856
CAIMGRYGYTF	0.0006660230480636449
CASTPGRRTGGYTF	0.0006517656739460745
CASSYSGSGANVLTF	0.0006446369868872893
CASSTGNTEAFF	0.0006395450675595857
CASSSAPGTYGYTF	0.0006324163805008005
CAISGGQGPYGYTF	0.0006130670870555263
CSAPPPGLAGEEQYF	0.0006130670870555263
CASSYNSGANVLTF	0.0005896442581480893
CASSDSGSTGELFF	0.0005855707226859264
CSARDNRDYEQYF	0.0005733501162994375
CASSQGTSGSLYF	0.0005601111260474078
CASSETAGNHEKLFF	0.0005570559744507856
CATSRVTSGEQYF	0.0005489089035264597
CASSYGGLYEQYF	0.0005387250648710522
CASSRSLANEQYF	0.000527522842350104
CASSEAEEGVAFF	0.0005112287005014522
CASSSSGGGNGYTF	0.00050817354890483
CASSESTAGGTGELFF	0.0004959529425183411
CASSGGTGLWSPLHF	0.0004949345586528004
CASSVGKGYNEKLFF	0.0004928977909217189
CASRPSGRYEQYF	0.0004918794070561781
CASRESRGRDYEQYF	0.0004918794070561781
CASSRRGNTEAFF	0.0004918794070561781
CASRPGQGDSGNTIYF	0.0004908610231906373
CACPRGGSGNTIYF	0.00048576910386293365
CASSSGLEGYNEQFF	0.00048067718453522997
CASSTWANYEQYF	0.00047253011361090403
CASSEWEGSSYEQYF	0.0004694749620142818
CSASGGDAPLAQYF	0.0004664198104176596
CASSYSGTGYQPQHF	0.00045521758789671146
CASSLSSNSPLHF	0.00045419920403117067
CASGTSHNQPQHF	0.00045318082016562993
CASSVQRYNSPLHF	0.00044401536537576325
CASSDSPGGNTDTQYF	0.0004328131428548151
CASRPRGQGTNSPLHF	0.00043179475898927436
CATQGLAGVHYEQYF	0.00043179475898927436
CAIDQQGRDSPLHF	0.0004277212235271114
CASSYQNPSGYEQYF	0.0004226293041994077
CASSLQETQETQYF	0.0004144822332750818
CASSEMQDSGNTIYF	0.00041244546554400027
CASSSGQGGGSPLHF	0.00041142708167845953
CASGDSGSYEQYF	0.00040939031394737806
CASSFYLDSYEQYF	0.00040939031394737806
