TCR	Abundance
CAGAPDSYYNYGYTF	0.04470037286886509
CASSPAGTAYEQYF	0.009981616840240033
CATSRDYGVQQPQHF	0.008099409922006817
CASRSGGHSGGYTF	0.005568025346508782
CASSGVGANYGYTF	0.0036796941107541995
CAISGAWTGNAYGYTF	0.0032418054079765154
CASSLGQGEYQETQYF	0.0030815524328340993
CASSLTGLGRPAETQYF	0.0028906778700848526
CASSNRDKIAPLHF	0.0026497880475777813
CATRVGEYSNQPQHF	0.0022394587736462453
CASSSRLDSYEQYF	0.002181277757193266
CASNTGELGQGEGTLPYEQYF	0.0018617925264953286
CASSQPGQGITEAFF	0.0017944250337603004
CASSWGTGGFTNYGYTF	0.0016709179637460817
CASSQEARGSTDEQFF	0.0016668350853985042
CSAGPREGGTEAFF	0.001555576650427018
CAWSPLGLSYEQYF	0.0014902505968657784
CASSYTQGGSNTGELFF	0.0013238733042019964
CASSLGFSILNTIYF	0.0012218013455125595
CASSIYTGELFF	0.0011309573022789607
CATSDRTGTYGYTF	0.001085024920868714
CSVKDVGGRSSYEQYF	0.0010799213229342422
CASTLRVGAKNIQYF	0.0010513411745011999
CASSPRTGYYEQYF	0.000984994401353066
CASSPSVSSPLHF	0.0009676421683758617
CASSPSTRPGEQYF	0.0009635592900282842
CATRGAGGNTGELFF	0.000960497131267601
CASSRWGNYGYTF	0.0009594764116807067
CASTGTSLDEQYF	0.0009400827395297137
CASRGGGAGEQYF	0.0009125233106835657
CASSTGPGYNSPLHF	0.0008839431622505233
CASSVLTTAYEQYF	0.0008584251725781641
CASSDLAYGQGYGYTF	0.0008094306324072344
CASSLGTSGEQYF	0.0007828919231479809
CASSKLRGAHEQYF	0.0007716640076921429
CASKLGLAGNYEQYF	0.0007604360922363047
CASSIGQGESSYEQYF	0.0007532910551280442
CASSYYPRTEAFF	0.0007512496159542554
CASSQEARTSYEQYF	0.0007481874571935724
CASSLGDGGLSPLHF	0.0007410424200853117
CASSLYGGSSTGELFF	0.000727773065455685
CASSPETGGISGANVLTF	0.0007104208324784807
CASSREWGDSAYEQYF	0.0007042965149571145
CASSYSSGVSYEQYF	0.0006930685995012764
CASSDGGENYGYTF	0.0006797992448716496
CASGPNRAVNSPLHF	0.0006746956469371778
CASSLSGQVSNYGYTF	0.0006746956469371778
CASSSLGGGINSPLHF	0.0006706127685896003
CASSLQEGNTGELFF	0.0006328461438745086
CASSWTSGGYEQYF	0.00061447319131041
CASSGGADEQYF	0.0006073281542021494
CASSPLAGGSYEQYF	0.0006052867150283606
CASSLLHGLERLEAFF	0.0006052867150283606
CASSQLAGDAYEQYF	0.0006012038366807832
CASSLATGGSSPLHF	0.0005879344820511564
CSANLAQSQPQHF	0.0005675200903132691
CASSLTGYNSPLHF	0.0005593543336181141
CASTPDTSSYEQYF	0.0005491471377491704
CASNGAGNNQPQHF	0.0005420021006409099
CASSNSQGPFYGYTF	0.0005317949047719662
CSARHPGQPSNYGYTF	0.0005307741851850717
CASSLRNTEAFF	0.0005205669893161281
CASSSSQPGTGYEQYF	0.0005164841109685506
CASRTDSHTEAFF	0.0005124012326209732
CASSPHTASMGYTF	0.0004817796450141421
CASSFRQGAIYEQYF	0.00047871748625345897
CASSEPGLANYGYTF	0.00047565532749277586
CASSPAWTDLIYEQYF	0.0004746346079058815
CASSRLAGGYNEQYF	0.0004715724491451984
CASSLGQGYEQYF	0.0004664688512107265
CASSGTGGSYEQYF	0.00046544813162383215
CASSLKAGEQYF	0.00046034453368936035
CASSSDSQGTYEQYF	0.00045626165534178286
CASSWDRDNSPLHF	0.0004552409357548885
CASSLIRLAVYEQYF	0.0004542202161679941
CASALDSYEQYF	0.0004542202161679941
CASGPHHGAYEQYF	0.0004542202161679941
CASSIARDLGEAFF	0.000451158057407311
CASRQPPGQGYYEQYF	0.000451158057407311
CASSIVTAEEAFF	0.00045013733782041664
CASSLSSQDYYGYTF	0.00044911661823352227
CASSPRRDRGRHEQYF	0.00044605445947283915
CASSDTGTNEKLFF	0.0004450337398859448
CASSLTGNQPQHF	0.0004450337398859448
CASSPPDSTGGNYGYTF	0.0004440130202990504
CASSLWLGRLRNTEAFF	0.0004440130202990504
CASSYHRDRFSYEQYF	0.0004409508615383673
CASSGGSGGYEQYF	0.00043890942236457856
CASSQGGLGKYF	0.00043788870277768424
CASSDTGTGQSPLHF	0.000431764385256318
CASSTGLNYGYTF	0.000431764385256318
CASSWRTSGRNREQYF	0.00042768150690874053
CASSYFAAAGSYEQYF	0.0004246193481480574
CASSSRTANSPLHF	0.0004246193481480574
CASSVWLGTALLLARNQPQHF	0.0004246193481480574
CASSSPGRPGPNYGYTF	0.0004246193481480574
CASSFGTNSYEQYF	0.00042359862856116304
CASSLVPLAGEVIYEQYF	0.00042359862856116304
CASSAREQGPLHF	0.00042359862856116304
CASSLGQDYNEQFF	0.0004215571893873743
