TCR	Abundance
CSVPRPSSSYNEQFF	0.05796181182184792
CASSLEQRMRETQYF	0.031047389880355592
CAWSVSGGAEAFF	0.02215558431720453
CASSPRVGSYEQYF	0.01804388379483627
CASSGTGGGETQYF	0.014478046962506557
CASSQDPATTFTDTQYF	0.012221675345798065
CASSSNRNTIYF	0.008725717167666236
CASRGLGPGTEAFF	0.008270999548320583
CASSVEGKTEAFF	0.007962115642083559
CASSQGLAGGYYEQYF	0.006369084873195561
CSAHPTRQGTPYEQYF	0.006314397230779825
CSAREILDTQYF	0.006297180750760057
CASSSQPKSRQGHFYF	0.00601462793161209
CASSAEGQGSYGYTF	0.00589512530559252
CASSYRAEQFF	0.005306726782563959
CASSYASSYEQYF	0.005139625652960323
CASKHPPPGQDQETQYF	0.004962397182168588
CASSFDRGRVRDTQYF	0.004471221134545778
CASSNTQGSYNSPLHF	0.004191706517754242
CASIRGRDPDGAYEQYF	0.004160311760071134
CATSDSGRFSGANVLTF	0.004131955204744457
CATSAPGTGSIYEQYF	0.003967892277497251
CASSAWEGVGNEQFF	0.003576976907636623
CASSPFPTRESEAFF	0.0033896210956567883
CASSPTSAQGEAFF	0.003116182883578111
CASSWGPSYEQYF	0.0030706098482316648
CSARDRGHPYNEQFF	0.002812362647935136
CASSIGSGLMNTEAFF	0.0026401978477374505
CASSYDGGRPYEQYF	0.0024832240593219137
CASSYSTGGTEAFF	0.0023637214333023437
CASSGTSGTSYEQYF	0.002274600830847071
CASSILGETQYF	0.0022563716167084925
CASTGGYEQYF	0.0021095251694810547
CASSQEDRAGNTIYF	0.002037621047045551
CASSLYGDSNQPQHF	0.0020183790987881624
CATSKTGYSNQPQHF	0.0019819206705110055
CASSLSGGRANTGELFF	0.0019292584963328898
CASSKDRGPRRETQYF	0.0019059656116002617
CASRTNRDRASLGYGYTF	0.0018938128021745426
CASSPRYNEQFF	0.0017267116725709067
CASKGGSNEKLFF	0.0016588584866106422
CASSVLQGEDEKLFF	0.0015839161618187085
CASTDGGSGDYNEQFF	0.001554546872373221
CASSLSRTREQFF	0.0015342921899970225
CSAPKGEGEAFF	0.0014623880675615185
CASSQGTWIQNYGYTF	0.0014401079169477004
CASSRTSEAYEQYF	0.0014127640957398327
CASSEGRNTEAFF	0.0013752929333438657
CASSLAGNSYEQYF	0.001371241996868626
CASSLSGQRLNHNEQFF	0.0013540255168488576
CASSVGGTGGYGYTF	0.0013489618462548078
CASRNMGNQPQHF	0.0013428854415419484
CASSEAGQYSPLHF	0.00120211539902737
CASSLEGREGLDEQFF	0.0011484404907304447
CASEADWGQETQYF	0.001118058467166147
CASSRLAGRVNEQFF	0.0010917273800770894
CASSQHRVTGNTIYF	0.0010471670788494531
CASSSGVEQYF	0.0010319760670673044
CASSYGTLNTEAFF	0.0010137468529287257
CASSYHSYNEQFF	0.0010046322458594366
CASSRTGDNSPLHF	0.0009843775634832382
CASSLGPGSDEQFF	0.0009772884246515689
CASRERTEQYF	0.0009762756905327589
CATSEGQGVGETQYF	0.0009701992858198994
CASIKAQGYFGEQYF	0.0009469064010872713
CASSWGIELAGGSSYNEQFF	0.0009408299963744118
CASSRTSDNSNEQFF	0.0009377917940179821
CASSPPRQVRYEQYF	0.0009094352386913045
CASSLAQTGGYEQYF	0.0009074097704536847
CASSTSGGPYEQYF	0.0008932314927903458
CSAWDRRTSYEQYF	0.0008648749374636682
CASSPPSQGSNTEAFF	0.0008527221280379492
CASSFRDVTGELFF	0.0008527221280379492
CASQRSRGEQYF	0.0008344929138993707
CASSPVGTEAFF	0.0007929708150281641
CSARVGTAQETQYF	0.0007929708150281641
CASSSLNYGYTF	0.0007889198785529244
CASSYNHEQFF	0.0007717033985331559
CASSGTTNNEQFF	0.0007696779302955361
CASSYTAGSSYEQYF	0.0007595505891074369
CASSSDSTNYGYTF	0.0007494232479193378
CARGRDNQPQHF	0.000746385045562908
CASSEGVGGTEAFF	0.0007271430973055196
CASSFVVRVFDEQYF	0.00072207942671147
CSAASGSYEQYF	0.0007119520855233709
CASSLRTGGQPQHF	0.0007089138831669411
CSASSGRDWHADTQYF	0.000698786541978842
CASSSQPYEQYF	0.000673468189008594
CASSPGTLYNEQFF	0.0006694172525333544
CASSGPGVYEQYF	0.0006592899113452552
CASSDGRGTEAFF	0.0006532135066323958
CATSDSGLAMGHNEQFF	0.0006329588242561975
CASSTGPNQPQHF	0.0006005513324542801
CASSKEAGVYNEQFF	0.0005995385983354702
CASNAKGPTGGHPNEQFF	0.0005995385983354702
CASKAGGYQETQYF	0.0005975131300978504
CASSYRITPSPPYEQYF	0.0005924494595038008
CASSEAGTAGNTIYF	0.0005802966500780818
CASTRDRGYEQYF	0.0005792839159592719
CASSPEGYGLSSYEQYF	0.0005691565747711727
