TCR	Abundance
CASRITGASYGYTF	0.03489678309075356
CASSLFPGTGGKGYTF	0.03162111890113035
CASSPVTGTGLYGYTF	0.014590303506320469
CATSGDRDTGELFF	0.014236150221878555
CASSSKYRVTYGYTF	0.010917865866219357
CASSSGLEQFF	0.009293225727561751
CASSDAPFWGNEQFF	0.006649760667472391
CSVEVGNSYEQYF	0.004174746739810989
CASGTGELFF	0.0033923622632931793
CASTGTNNEQFF	0.0033781555412811825
CASSGSTSGSYEQFF	0.002641435528373361
CATSDLSGTEQYF	0.0024313789957674118
CASSHRQNNSPLHF	0.0023796259370094243
CASRRDRVSARYGYTF	0.002347153429553432
CASSYSTGVVAEAFF	0.0021756579995514734
CASSARVTDTQYF	0.0020630189893135007
CASSLSAGAPGSPLHF	0.001888479261737543
CASSYSGDSNQPQHF	0.001880361134873545
CASSSINTEAFF	0.0018367262029795556
CASSDRSESTQYF	0.001755544934339575
CASSLEGGGYMNTEAFF	0.001752500636765576
CASSVGTGSGEQYF	0.001620581075225608
CASSLGTGAYQPQHF	0.0015779609091896181
CASSAQVGSYNEQFF	0.0015728870798996193
CASSKGQGGSYEQYF	0.0015718723140416195
CASSDRAGADTEAFF	0.0015607098896036223
CSAPTGDTEAFF	0.0013709486741576681
CASSPTDYGYTF	0.0013334023374116774
CASSKGRENSPLHF	0.0012390291126177
CASSYSEGSSSPLHF	0.0012369995809017006
CASSLVGSGAYEQYF	0.0011253753365217277
CASSGTPDSGNTIYF	0.0010736222777637402
CASSPTEDSGNTIYF	0.0009822933505437624
CASSSTGGNQPQHF	0.0009802638188277629
CASSSGTGEGTEAFF	0.0009731604578217645
CASRHPGQGSNQPQHF	0.0009386584186497728
CASSRSSGNTIYF	0.0008919791891817842
CASKDRFNSPLHF	0.0008919791891817842
CASSPVLAGPSYEQYF	0.0008919791891817842
CSARAEGRDTEAFF	0.0008757429354537881
CASSERAGTGGDTQYF	0.0008686395744477898
CASSEDRDNSPLHF	0.000863565745157791
CASSDILGRNTEAFF	0.0008381965987077971
CASSLRTGVNTEAFF	0.0008310932377017989
CATATGTYEQYF	0.0008229751108378008
CASSGTSGRDEQFF	0.0008199308132638015
CASSELAGERDEQYF	0.0007955764326718074
CASSEGTENSPLHF	0.0007833992423758104
CASSDSGLSGYTF	0.0007488972032038188
CASSPDRGVDGYTF	0.0007488972032038188
CASSASGLATDTQYF	0.0007326609494758227
CAINRAENYGYTF	0.0007265723543278241
CASSEAYGEPYEQYF	0.0007214985250378254
CASSEGPGEDYEQYF	0.000710336100599828
CASSEGQENTEAFF	0.0006910555492978328
CASSISEEGFWEQYF	0.0006910555492978328
CASSDRDSGEQYF	0.0006839521882918345
CSARVRDYEQYF	0.0006748192955698367
CASSLVGLAGYNEQFF	0.0006524944466938421
CASSDRGTGELFF	0.0006474206174038433
CASSRGQGASGNTIYF	0.0006382877246818455
CASSDGRASTDTQYF	0.000624081002669849
CSATGDNSYNEQFF	0.0005946527927878561
CASSDSGTGEHNEQFF	0.0005855199000658583
CATSDRANYGYTF	0.0005753722414858607
CASSLQGKGGEQYF	0.0005753722414858607
CSARDAAGVYEQYF	0.000574357475627861
CASRSTGGEAFF	0.000574357475627861
CATSDYNSKPQHF	0.0005621802853318639
CASSPRVWNTEAFF	0.0005601507536158644
CASLTSSGGGNEQFF	0.000550003095035867
CASGLFRGKAFF	0.0005479735633198674
CASSLTGEAGYYGYTF	0.0005449292657458681
CASSISFDSGAQPQHF	0.0005428997340298686
CASSYSKTTNEKLFF	0.0005388406705978696
CASSERGEGPDEQYF	0.000528693012017872
CSAKNSMSSYEQYF	0.0005155010558638753
CASSAAEHQPQHF	0.0005083976948578769
CASRFGLMPDYGYTF	0.0005063681631418775
CASRDRRESFNQPQHF	0.0004870876118398821
CASSEHGTGGNEQYF	0.0004830285484078831
CASRGMGTGYQPQHF	0.0004698365922538863
CASSHRDRREQYF	0.0004678070605378868
CASSSTTGPYEQYF	0.0004566446360998895
CASSEALGYPYEQYF	0.00045461510438389
CASKSGEATEAFF	0.0004515708068098907
CASSYRRGQGDIHF	0.00044446744580389243
CASRGDLDTGELFF	0.0004302607237918959
CASSRTGVGGTEAFF	0.00042417212864389735
CASSVDTHYEQYF	0.0004160540017798993
CASSPSRGAYNEQFF	0.0004160540017798993
CSARGTYEQYF	0.0004140244700638998
CASSYSNLDGPGELFF	0.0004119949383479003
CASSLGGTGENEQYF	0.0004079358749159013
CASSPSRGSYNEQFF	0.0004069211090579015
CASSEELAGVGEQYF	0.00040590634319990175
CASSGLGSYEQYF	0.00039981774805190326
CARPEFLAGGPHEQYF	0.0003977882163359037
CALRGTGDNSPLHF	0.000396773450477904
CASSEEDASGNTIYF	0.00038561102603990667
