TCR	Abundance
CAWSSMGIYYGYTF	0.018114935933233257
CASGRTSGETGELFF	0.01687817323899645
CASSFQGYTEAFF	0.012421933837806822
CASSLGTGYSIYEQYF	0.012040760911331185
CASSLSPGAPGSPLHF	0.00684676745889839
CSARDTGENQAYGYTF	0.004004365044803189
CASSLARGEQYF	0.003914195105206801
CSARGDSGGDSYEQYF	0.002731739306408726
CASSYSDAQPQHF	0.00254627613519343
CASSTGENTEAFF	0.0024991418485862276
CASSLSGYYEQYF	0.002058538734649336
CASSEGPENTEAFF	0.001999108547188081
CASSLEFGARLYGYTF	0.0019202098500412425
CSASSPRVASNQPQHF	0.001491902636958404
CASSEAKGGGYEQYF	0.001476532760890838
CASSATIGQGNDGYTF	0.0014314477910926445
CASSEAPTVTFYEQYF	0.001314636732979143
CATSRENSGANVLTF	0.0012726257383944626
CASSTGHTGELFF	0.0012080722589106856
CASGGANSPLHF	0.0011814311403935713
CASSEDLGQANEKLFF	0.0011301982201683514
CASSEFAGTGGHEQYF	0.0009959679691782751
CASYGQPNSPLHF	0.000992893993964762
CSARSAGSVTEAFF	0.000982647409919718
CASSEKGEGTGELFF	0.0009754748010881873
CASSDGGATGELFF	0.0009744501426836829
CASSSVNSPLHF	0.0009652282170431433
CASSPPASFSEQYF	0.0009580556082116125
CASSLSTGYSSYEQYF	0.0009498583409755772
CSARSTDGNYEQYF	0.0009150199552224277
CASSEEGLAGAGLYEQYF	0.000902724054368375
CASSEVQGVNTEAFF	0.0008504664757386506
CASSFGYEQYF	0.0007387787096476712
CASSEESVGLYEQYF	0.000725458150389114
CASSGGESYEQYF	0.0006967677150629909
CSAIQGGDTEAFF	0.0006875457894224513
CATSRSPRVGEKLFF	0.0006854964726134425
CSARGHVEYEQYF	0.0006772992053774073
CASSQEGTSAPSYEQYF	0.000619918334725161
CASTRGDPYNEQFF	0.0006065977754666039
CASSLTSGGANTQYF	0.0005902032409945334
CASSLSRESSGNTIYF	0.0005820059737584982
CASSSRDGSTDTQYF	0.0005789319985449851
CATSDSTGDYGYTF	0.0005563895136458883
CASSFAYGYTF	0.0005512662216233663
CASSPGQGRLHGYTF	0.0005471675880053487
CASSYTGYEQYF	0.0005461429296008443
CASSDLTGKGYTF	0.0005317977119377828
CASSEEVSPYGYTF	0.0005184771526792255
CSASGLGSIEQYF	0.0005113045438476948
CATSRDSGANVLTF	0.0004979839845891376
CASSSYRDGYTF	0.0004918360341621112
CASSYRDSGANVLTF	0.00048773740054409363
CASSDAAGYGYTF	0.000483638766926076
CATSRDAEVEGQYF	0.00048158945011706725
CSARSAGGSYEQYF	0.00046826889085851004
CASSWDREAYEQYF	0.00046314559883598805
CASSESDGYQPQHF	0.0004508496979819353
CATLGTAQTNYGYTF	0.00044777572276842207
CASSESWTGSYEQYF	0.00044367708915040447
CASSSGTRDTGELFF	0.0004385537971278825
CASSLSQGFSYEQYF	0.0004365044803188737
CASSLYSLVKFGYTF	0.0004354798219143693
CASSEGLAGADTQYF	0.0004344551635098649
CASSEAGELGRAFF	0.0004344551635098649
CASSLFGLANQPQHF	0.0004334305051053605
CASSEGTGNSPLHF	0.00042933187148734293
CASSPSGTGGQPQHF	0.0004252332378693253
CASSRLGGGLPVPYNEQFF	0.0004252332378693253
CASSVGGSQPQHF	0.0004231839210603165
CASRSSRASGNTIYF	0.0004221592626558121
CASKTGDSGNTIYF	0.00041908528744229894
CASSEEEGDSYEQYF	0.00041396199541977695
CASRLRQNSPLHF	0.0004119126786107681
CASGLGERYGYTF	0.00040986336180175934
CSAFDRVGYTF	0.00040474006977923735
CASSFRGGHYGYTF	0.00039961677775671536
CASSRGTGGGQPQHF	0.0003975674609477066
CASSGPEGAEGNTIYF	0.00039654280254320214
CASSEGVGSSQPQHF	0.00039449348573419337
CASSEGTATGELFF	0.000388345535307167
CASSQLDRAYEQYF	0.00038527156009365377
CASSVDGGSQPQHF	0.0003821975848801406
CARTGTGAGYTF	0.0003801482680711318
CASSPRTGYGYTF	0.000378098951262123
CAWKAPGLPSYGYTF	0.0003709263424305922
CASSGQSYGYTF	0.000367852367217079
CASGTLAASSPLHF	0.000367852367217079
CASSEWGVNQPQHF	0.000367852367217079
CASSPRTVYEQYF	0.0003637537335990614
CASTPRDGVNQPQHF	0.000362729075194557
CASSLGEGSGRVNNEQFF	0.0003586304415765394
CASSLDLGANYGYTF	0.0003535071495540174
CASSPPRTGAHGYTF	0.0003535071495540174
CSATDRLNSPLHF	0.0003494085159359998
CASSLSWDTNQPQHF	0.0003483838575314954
CASSGGGDTDTQYF	0.00034633454072248665
CAWSVDGADYTF	0.00034633454072248665
CASSFWQDNQPQHF	0.00034326056550897343
CASSDSDNNEQFF	0.00034223590710446905
