TCR	Abundance
CASSVGGPGNTIYF	0.21444987698288498
CASSVALGQYYEQYF	0.06416135145620054
CASSEERWLGQYF	0.03954172199651359
CASSPGLNYNEQFF	0.01851587371525868
CASSLALWSGNLYEVQETQYF	0.0157779958896381
CASAGTGQLNEQFF	0.014896769952423929
CASSLEVGGSYNEQFF	0.004139736098154389
CSARGRDIYEQYF	0.0038216844380564003
CASSTGQIYEQYF	0.003519839231976144
CASSFGQGNSPLHF	0.0034509618024007836
CAISEGQNMNTEAFF	0.0030812520701212747
CSVARDNRGLLYNEQFF	0.0029617294717405023
CASSSGQSTDTQYF	0.002564671348306071
CASSTGGTGTQYF	0.0023570261562038813
CASSEAETGTNYGYTF	0.0022881487266285206
CASSRGGSQETQYF	0.0019994712644376715
CASKGTGSTDTQYF	0.001976174486787182
CASSLTAAQRTEAFF	0.0018627293086630587
CASSRRTDSYNEQFF	0.0011152066170951754
CASHGGIGGSPLHF	0.0010270840233737584
CASSWDRSTDTQYF	0.000996696922090511
CASSEGQGRSYEQYF	0.0009683356275594803
CASSFTSFSSYEQYF	0.0009652969174311555
CASSLFWGQYNSPLHF	0.0008700840000769807
CASSPRGGMNTEAFF	0.0008599549663158982
CSARASGEDAGELFF	0.0007991807637494037
CSASGTSDYEQYF	0.0007951291502449706
CASSLAGEIYEQYF	0.0007394194645590173
CASSLGGGVYGYTF	0.0007080194598996618
CASSFRGQSTDTQYF	0.0007059936531474453
CASSQGDREVSPLHF	0.0007019420396430123
CSARGLAGVFHEQYF	0.0006786452619925228
CASSVEGTSDYEQYF	0.000667503324855332
CAWSVTGSSYTF	0.0006533226775898166
CASRFPQGDTQYF	0.0006452194505809507
CASSRTSAAGELFF	0.0006310388033154353
CASSYSEGVYEQYF	0.0006198968661782447
CASSESGETTDGYTF	0.0006067291222888374
CASSQDWGTTYEQYF	0.0005500065332267759
CASSYNPYSTGEQFF	0.0005388645960895853
CASSDRGTSSTGELFF	0.0005267097555762863
CASSQEAGGATSPLHF	0.0005226581420718534
CSARDGDTEAFF	0.0005054387846780132
CSAQDPGQGSHGYTF	0.0005034129779257967
CASSDGGTGLNEQYF	0.0004973355576691473
CASISPHFSEQFF	0.00047505168339476595
CASKTERTYEQYF	0.0004456774854876269
CASRGGGEADTQYF	0.0004396000652309774
CASSPEDREYYEQYF	0.00043757425847876095
CASNPGLSYNEQFF	0.000425419417965462
CASSLIGGTYEQYF	0.00042440651458935377
CASSRLAGGVNEQYF	0.0004011097369388642
CASRFDRTHFYGYTF	0.00040009683356275594
CSAGDREPYEQYF	0.00039199360655389
CASSGTSGHKYSYNEQFF	0.00039098070317778176
CASSIESGGQYEQYF	0.00038996779980167353
CASSLSPYNEQFF	0.0003889548964255653
CSAWTPTSYEQYF	0.0003889548964255653
CASSFNRGHSGNTIYF	0.0003849032829211323
CASSADGGSYEQYF	0.00035755489176620976
CASSLSGSGEQYF	0.00034742585800512734
CASSTGREQYF	0.0003454000512529108
CASSYAGTGVKETQYF	0.00033425811411572017
CSAGDPGVPEAFF	0.0003261548871068542
CASRTGTGVHETQYF	0.00032311617697852946
CASSPRDRDNEQYF	0.0003221032736024212
CASSRPGQGSEAFF	0.0003190645634740965
CAWSPSDRDTGELFF	0.0003140000465935553
CASSYDGSAGRYYGYTF	0.0003069097229607976
CASSPGRTGGFYEQYF	0.0003069097229607976
CSANGLAGGPEHEQFF	0.00030589681958468934
CSVELDPSSYEQYF	0.00030589681958468934
CSLSKGTDYNEQFF	0.0003048839162085811
CASSEGTNYGYTF	0.0002977935925758234
CAWSILGEDTGELFF	0.0002947548824474987
CASSDHRVGGETQYF	0.0002886774621908492
CASSQGAWETQYF	0.0002856387520625245
CASSQALIGNRGYGYTF	0.0002856387520625245
CASSDPPSGFSYEQYF	0.0002815871385580915
CASSSYENLGEAFF	0.0002805742351819833
CASSQSWVQTSEQYF	0.0002805742351819833
CASSELGGRSSGYTF	0.00027044520142090086
CASSELPGSYNEQFF	0.00027044520142090086
CSARDSGAIYEQYF	0.00027044520142090086
CASSIHIPYEQYF	0.0002694322980447926
CSVGRQVGEQYF	0.0002694322980447926
CATSDSVPRTGGFYEQYF	0.0002674064912925761
CASSFVVGTGLNQPQHF	0.0002674064912925761
CASSRGNSNYGYTF	0.00026639358791646786
CASSTWDSSYNEQFF	0.00026538068454035963
CASSELGGGGETQYF	0.0002643677811642514
CASSLWSSGRGEGTDTQYF	0.0002643677811642514
CASRVKGNSGNTIYF	0.0002623419744120349
CSARPGQGSGNTIYF	0.00026031616765981845
CASSYPGVRQPQHF	0.00025930326428371016
CASSLRTGIYGYTF	0.0002582903609076019
CASSSGASGNYEQYF	0.00025626455415538545
CSASRELELYEQYF	0.0002552516507792772
CASSSGNTIYF	0.000254238747403169
CASTVVRTGGSYGYTF	0.00025322584402706074
