TCR	Abundance
CASSLVGRGTEQYF	0.03708449513466056
CASTPVGRNEQYF	0.010158479185126775
CASSYGGSTEAFF	0.009607724386853422
CATSSSGQARDQYF	0.007006373310137953
CASSPSIPGGFGYTF	0.006663929828554706
CASSYSGGDEAFF	0.006331647874614878
CAITEEVLYGYTF	0.006038995878484388
CASSIGTGMNYEQYF	0.006028834350840968
CASSLVPSGTTYEQYF	0.004875500963312821
CASSYEGTGNTGELFF	0.0032496565403656525
CASSSPPDGSNEKLFF	0.0025861087852503393
CASSLFFGSSYNEQFF	0.002459089689707592
CSARTSETYNEQFF	0.0021288400412964484
CATSRAEGEGNTIYF	0.0020241763065692244
CASSFRGRQVEGYTF	0.0017203466300309723
CASRTSGLWYNSPLHF	0.0014724053555315291
CAASSGHIYEQYF	0.0014591953695950834
CASSEPQYSNQPQHF	0.00143175924495785
CASTEQGWDTEAFF	0.0013667254680399632
CASSPTKKGYEQYF	0.0012010925674522206
CASSYSLRSDSYEQYF	0.0011309780267126238
CASSLASGGNEQFF	0.001070008860852105
CASSEASGSSYEQYF	0.0009622966678318552
CATFGETGVYEQYF	0.0009511189874240934
CASSSGQLEQYF	0.0009094567240860722
CASSLEQATRSNEQFF	0.0008240998918813459
CASSIVAASYEQYF	0.0007793891702502988
CASSFGGGYEQYF	0.0007478884345556974
CASSEAVDGYGYTF	0.0007113069350393861
CASSMGTGTGSGAQHF	0.0006787900465804427
CASSIIPDRSRDYEQYF	0.0006726931299943908
CASSDSGTAGGSPLHF	0.0006584669912936031
CASSFLDGADYGYTF	0.0006533862274718933
CASSWGQGSGYTF	0.0006472893108858414
CASSEHETYEQYF	0.0006178208807199239
CASSPIEGTPSSYEQYF	0.0006076593530765041
CASSELGSRIFHTF	0.0006005462837261103
CASSLSSKPSNQPQHF	0.0005832716867322966
CASRGLGAGELFF	0.0005792070756749287
CASSSWTGDNGYTF	0.0005680293952671669
CASSQGQGERNEQYF	0.0005487224927446693
CASSRRQGGEQYF	0.0005395771178655915
CASSLFPENTGELFF	0.000511124840464016
CASSFGFLDGYTF	0.000511124840464016
CATSSRYGGVNNGYTF	0.00050807638217099
CASSFSQGSLYGYTF	0.0005050279238779642
CASGASQLTYYGYTF	0.0005009633128205962
CASSSSTGDVNEQYF	0.0004999471600562542
CASSQGQVSYEQYF	0.00046234950777560095
CASSLQLAGPYEQYF	0.000460317202246917
CASSPVSLKRYEQYF	0.000459301049482575
CASTPLREGRTEAFF	0.000458284896718233
CASGRLVYPRQGPYEQYF	0.00045625259118954907
CAISPPGRGNTIYF	0.00045117182736783916
CASRLGGSSYEQYF	0.00043186492484534154
CASRDRGRGSNQPQHF	0.00042068724443757976
CASSHGTGNNQPQHF	0.00041154186955850194
CASSENVSGWANSPLHF	0.00041052571679415996
CASSPKEGTGSNVNEKLFF	0.00041052571679415996
CASNSDRGGHYEQYF	0.000407477258501134
CASSPLPLSYNSPLHF	0.000407477258501134
CASSLGGVANTEAFF	0.000407477258501134
CASSISVSSEQYF	0.0004044288002081081
CASSEAGEGPQHF	0.00040138034191508214
CASSYKGATSIQSYGYTF	0.0003942672725646883
CASSYSTGDNSPLHF	0.00039020266150732036
CASSGDSNQPQHF	0.00039020266150732036
CASSIKTSGESGANVLTF	0.0003891865087429784
CASSPGRRGGYTF	0.00038613805044995244
CSVEGDRGRSETQYF	0.00038512189768561046
CSASFLTYHEQFF	0.0003830895921569265
CSARDLQGGSNQPQHF	0.0003820734393925845
CASKASRSTYEQYF	0.00037496037004219066
CASSRGDPSYEQYF	0.0003719119117491647
CASSRRTGSYEQYF	0.00036987960622048076
CAISTIKTGGTYEQYF	0.00036987960622048076
CASKTRRGPPGDQPQHF	0.0003678473006917968
CASSYPRDSNQPQHF	0.00036479884239877086
CASSAHYEQYF	0.0003627665368700869
CASSTETTGNTIYF	0.00035971807857706096
CASSEGDNSPLHF	0.000358701925812719
CASSPTSGGGNQPQHF	0.00035463731475535106
CASSLLGNQYNSPLHF	0.0003515888564623251
CASSEGPGEDYEQYF	0.00035057270369798313
CASSDGSNSPLHF	0.0003475242454049572
CASSFAAGQAYEQYF	0.00034549193987627323
CASSTGPRTGANEQFF	0.00034549193987627323
CASSGLGGSGQPQHF	0.0003414273288189053
CASSIEMGHSNQPQHF	0.00034041117605456333
CASSQDGQSNEKLFF	0.0003383788705258794
CARLRQGINTQYF	0.0003373627177615374
CASSSEQGRGNQPQHF	0.00033431425946851145
CASSPQENSPLHF	0.0003261850373537756
CASSPPPTSSEQFF	0.00032516888458943363
CASSIGSNNYGYTF	0.00032415273182509165
CASIQTGIRNQPQHF	0.0003221204262964077
CSARADRGRSNQPQHF	0.0003211042735320657
CASSEASGGYEQYF	0.00031500735694601383
CASSDNPRTYYGYTF	0.00031399120418167185
CASSSGTGIYGYTF	0.0003109427458886459
