TCR	Abundance
CASAKYGTGESPLHF	0.030930642319397725
CASSLSGGAGELFF	0.02284585402317262
CASSLGLMPGNTIYF	0.017894174809119548
CASSFGQDQPQHF	0.017367718511399434
CASLTGSYEQYF	0.014076565753644082
CASSIQGLNYEQYF	0.012676597789524267
CASRLGGAAEAFF	0.00944951679214053
CASEAAPLLNTEAFF	0.008941214159859042
CASSLGTSAQGYTF	0.008491643974584868
CASGTDRGGTEAFF	0.006675209568049549
CASSVGVSQPQHF	0.005678893694270917
CASRPRTSGRGYEQYF	0.004553366437076192
CASTMGQGGDEQFF	0.003435314218591489
CASSFPGPQNQETQYF	0.003415024827807144
CASSLAPDSYEQYF	0.00331998504992258
CASSLTLSYEQYF	0.0030839873992204603
CASSLLSWGGADTQYF	0.0030177799135031234
CASRGQGTVYGYTF	0.0025553953761546263
CASSFSGSGYGYTF	0.002182711303326392
CAIQASVMGNEQFF	0.0021367932083934007
CASGAVTHGELFF	0.0018164344065353195
CASSLTGIHEQYF	0.001632762026803353
CASSPNFGDLGGGETQYF	0.0016028618719632656
CASSGTGVFPEAFF	0.0015772331678146191
CSHLKYTEAFF	0.0013177425383095734
CASSPEQGLGDEQYF	0.00126434940466656
CATFRPGGAGGYTF	0.001261145816647979
CASSLRREDEKLFF	0.0012109562710235463
CATSDPRDREGKGPYEQYF	0.0011853275668748998
CASITLGREGGYTF	0.0011831918415291793
CASSLGRTEAFF	0.001040098243365903
CAWSLAASDTIYF	0.0010294196166373004
CSARDQDRVAYGYTF	0.0010166052645629773
CASTRPLAGNSYEQYF	0.0009397191521170377
CASSLLGQGGNTEAFF	0.0009333119760798761
CASKKRYEQYF	0.0009044796839126489
CASSRTVNTEAFF	0.0008927331945111859
CASSPTTGKQSETQYF	0.000885258155801164
CASSDMEVDGYTF	0.0008404079235410326
CATSVGDGGELFF	0.0007966255539537616
CASTLDRTGYEKLFF	0.0007859469272251589
CASSEAYRGGSYEQYF	0.0007848790645522986
CASSSTGGARGAFF	0.0007742004378236959
CASRPDREYNSPLHF	0.0007603182230765124
CASRTYEQYF	0.0007293502055635646
CASSYSGTGETEAFF	0.0007079929521063591
CASSSDRLRGIPLHF	0.0007037215014149181
CASSYGGSTDTQYF	0.000687703561322014
CASSPTPLGFKNIQYF	0.0006524640931176251
CATSRDSGTLGWTEAFF	0.0006513962304447648
CSARDALGTYEQYF	0.0006385818783704415
CASHREADSGYTF	0.00063217470233328
CASRGRFYEQYF	0.0005905280580917294
CASSLRRERSEQFF	0.000580917294035987
CATSRDIGSAFNQPQHF	0.000580917294035987
CASSPTLDSYEQYF	0.0005787815686902664
CASSIADGRMNTEAFF	0.0005542207272144802
CASRPGLSNYGYTF	0.0005488814138501788
CASSLRRESPEQYF	0.0005339313364301351
CASSPPGAGPQETQYF	0.0005232527097015323
CARQGLNNQPQHF	0.0005221848470286721
CASSEKQGIYGYTF	0.000517913396337231
CASSVLAGAQETQYF	0.00051364194564579
CASSLNRGYSYEQYF	0.0005029633189171873
CASSELVGGGPFDGSPLHF	0.00048587751615142294
CASSSPGGDEQYF	0.0004816060654599819
CASSEAGENSPLHF	0.0004730631640770997
CASSEVLYEQYF	0.00047092743873137913
CASSLGGDEQYF	0.00045918094932991617
CATSDLDIYTF	0.00044423087190987237
CASSPGTTHNEQFF	0.00043568797052699024
CASSPSFGYHEQYF	0.0004292807944898286
CASSLSGYTEAFF	0.00042821293181696834
CASSLAGTGDQPQHF	0.00042714506914410806
CASGLAYEQYF	0.0004260772064712478
CASSLSNGDGYTF	0.0004239414811255273
CASSLQGNDYGYTF	0.00041860216776122593
CASSLGTGFYEQYF	0.0004153985797426451
CASRRGLATNEKLFF	0.00041326285439692454
CASSLQPSTYEQYF	0.00040899140370548347
CASRFRKRNSPLHF	0.0004047199530140424
CASRDQGPSYEQYF	0.00040258422766832185
CASSSGQIYEQYF	0.0004004485023226013
CASSLRIYSSYNSPLHF	0.0003983127769768808
CASSSSRGLGYGYTF	0.0003972449143040205
CASSLRGLGYTF	0.00039510918895829995
CASSISGEGPYEQYF	0.00039510918895829995
CASSLYYRDYEQYF	0.00039190560093971917
CATSSPGLSYEQYF	0.0003908377382668589
CASSYTGTGNEQYF	0.0003822948368839767
CASRIPGQINSPLHF	0.0003822948368839767
CASSYSTYEQYF	0.0003801591115382562
CASSVALSSYNSPLHF	0.0003748197981739548
CASSHTAPYYEQYF	0.000371616210155374
CASSLVPGQGRLEAFF	0.00036734475946393296
CASSFSVYEQYF	0.0003620054460996316
CASSITDSHNSPLHF	0.00036093758342677134
CASSLTGSYNSPLHF	0.00035986972075391106
CASSPRPSGEGNLLGYTF	0.0003588018580810508
CASSYSANGNTIYF	0.0003588018580810508
