TCR	Abundance
CASSSGTGGYGYTF	0.016892631716183416
CSASALRVGTEAFF	0.014914609962018316
CASSEPQYSNQPQHF	0.00804449835962717
CSAVLSGRSTDTQYF	0.007968107200223265
CASSGTVDSTDTQYF	0.006760108332849523
CASSYVMGQWREQYF	0.006386300926166416
CASSYAGGYTF	0.005143671399862903
CASEWRGSTDTQYF	0.004990889081055094
CASSLTGELFF	0.0044510582212675025
CASRRTEGAGEAFF	0.004336980756557671
CASNTGTGAYGYTF	0.0037278885789105397
CAISEAGGLWEQYF	0.003117777852471356
CASSSGALNTGELFF	0.0024852590526070265
CASAGLAGGHVNEQFF	0.002369144490313092
CASSASGTTYEQYF	0.0023304396362151133
CASSLGPTGQGNNYGYTF	0.00223978879372248
CASSGPTSGQGNNEQFF	0.002154230695190107
CASSSADRHGEKLFF	0.0021145072923000768
CATSTGTYEQYF	0.00203709758410412
CASSLSESSPLHF	0.002005522571550506
CANPLQGNYGYTF	0.0018384805696539685
CATSDFAEQFF	0.0018344063744857601
CASSLAPRAGEETQYF	0.0016327337136594522
CSARSGGNEQFF	0.0016001401523137863
CASGSYEQYF	0.001494211077940372
CASRMGAEAGELFF	0.0014432836383377692
CASSQGSSYEQYF	0.0014432836383377692
CASSLFSRDNEQFF	0.0012823529291935436
CAPRGQPRGNQPQHF	0.0012752230876491792
CAWSSGGSGELFF	0.0012130916113340035
CASRMLGQGYVSTEAFF	0.0011601270741472963
CASSVTSATYNEQFF	0.0011254964152175263
CASSRAGGGSGANVLTF	0.0010979955978321207
CASSQDISGLMNTEAFF	0.001051142353397726
CASAVGQSMNTEAFF	0.0010368826703089971
CASSQGTSGSNYEQYF	0.0009869737794984462
CASSELLGTHYEQYF	0.0009462318278163638
CASSADRGLGYTF	0.0008830818027091361
CASSEGFNSPLHF	0.0008769705099568238
CASSEGTSGSYEQYF	0.0008616922780760428
CASSQDRGTTDTQYF	0.0008474325949873139
CASSYVDNQPQHF	0.0008443769486111578
CASSWDWTYEQYF	0.0008280801679383248
CASSQGQGHSPLHF	0.0008260430703542208
CASRQGDYEQYF	0.0008026164481370233
CASSLTAYEQYF	0.0007995608017608672
CASSPPGLGETQYF	0.0007893753138403465
CASSYRDTYEQYF	0.0007883567650482945
CASSESVTVYGYTF	0.0007853011186721383
CASSEPRTTDTQYF	0.0007842825698800862
CASSSSDKAFF	0.0007822454722959822
CASSPRQTPNYGYTF	0.0007262252887331188
CASRTGTNIPEQYF	0.0007109470568523379
CASSYDPTVPYEQYF	0.0007017801177238694
CASSQSTGSTYEQYF	0.0006834462394669323
CASSFGREYTF	0.0006763163979225679
CASSERTGGAVVSNQPQHF	0.0006630752636258911
CASSLSFQNQPQHF	0.0006508526781212663
CASSYTENQPQHF	0.0006284446046961211
CATNAAGEAEQYF	0.0006253889583199649
CASSSGLAVSSYEQYF	0.0006233518607358608
CASRDPGQGDASPLHF	0.0006192776655676525
CASSQVGNNQPQHF	0.0005958510433504552
CASTQTGENYGYTF	0.0005754800675094139
CASSEIEVGGQGADYGYTF	0.0005734429699253098
CASRETGTLQKWYF	0.0005673316771729975
CSARERSPEAFF	0.0005622389332127372
CASSSDRGPPNEKLFF	0.0005581647380445289
CASSQTSGSLLETQYF	0.0005540905428763206
CAAQIGTGFHDYGYTF	0.000542886506163748
CASSFVLTEAFF	0.0005377937622034877
CSARDHSTPNTQYF	0.0005357566646193836
CASSNRDRGQPQHF	0.0005357566646193836
CSARTGLATNEQYF	0.0005337195670352795
CASSEEYTSGAPYEQYF	0.0005327010182432275
CSATEGDGYTF	0.000525571176698863
CASKKTGFDQPQHF	0.0005194598839465506
CASSETLTGFYGYTF	0.0005123300424021862
CASSSRVLNTEAFF	0.0005102929448180821
CASSLYGGESNQPQHF	0.0005031631032737176
CASSDRDRVIEQYF	0.0005021445544816656
CASSAQVSNTEAFF	0.0005011260056896136
CASSLLPGTSGSINEQYF	0.0005011260056896136
CASSPPGTIHGYTF	0.0004950147129373012
CASSATHGQGAYEQYF	0.0004950147129373012
CSARDTGSSYEQYF	0.0004950147129373012
CSVRTGTGSEAFF	0.000492977615353197
CASSLFNLGGQPQHF	0.0004909405177690929
CASSLAGTSLGGEQYF	0.0004899219689770409
CASRQQGSNYGYTF	0.0004848292250167806
CASSYGNEQYF	0.0004817735786406244
CASSTGLAVSYNEQFF	0.00047871793226446824
CASRVGEASGYTF	0.0004776993834724162
CASSQDGGFGETQYF	0.00047566228588831206
CASSIITGGHAQPQHF	0.0004736251883042079
CASSLTTGTSVQSSYEQYF	0.0004715880907201038
CARRQSNYGYTF	0.0004685324443439476
CASSELGGGESYEQYF	0.0004675138955518956
CASSPWAGPETQYF	0.00046649534675984353
CASSEEGAGGNTIYF	0.0004634397003836873
