TCR	Abundance
CATSDFWGQGASTDTQYF	0.024860520471476067
CASSPPTGGLYEQYF	0.021078042104983447
CSVRKGNEKLFF	0.017610344429352685
CASSLSLLSSYEQYF	0.016144774589430932
CASSLVYSSYEQYF	0.014663874521058112
CASSFQGYTEAFF	0.014287772916392
CASSQGASNQPQHF	0.006171949974398519
CSARYTGGSNQPQHF	0.006006383507127023
CASRRLSGQETQYF	0.003665968630264528
CASSLIFGGMRQPQHF	0.003524930528514736
CASSKIHSPLHF	0.0025908086082298797
CASSFWRGGQNTEAFF	0.002443638415099662
CASSEEVGGAYEQYF	0.0024211540800381007
CSARDGQGTTEAFF	0.002336326815942211
CSAAPGRGTDTQYF	0.002098197267335678
CSARKGNEKLFF	0.0020583386733629104
CASSLGGAPDTEAFF	0.0020103039575495754
CASSYEVQGNSPLHF	0.0019867976072579434
CAISVAGVNGEQYF	0.0019132125106928344
CASSYLTGQAGSYTF	0.0018396274141277253
CATSARDSAGANVLTF	0.0018386053988976544
CASSFYLDPNYGYTF	0.0017813725460136807
CAWRDTGGIHNYGYTF	0.0017190296169793523
CASSQVPHMGNYGYTF	0.0017128975255989265
CATSRGPGAADTEAFF	0.001699611327608004
CSAEGRPNSGANVLTF	0.0016975672971478622
CASSIGVYEQYF	0.0015698153933889922
CASSLGWGGYYGYTF	0.0013868746672062906
CASSLAGGINEQYF	0.001380742575825865
CASSPTGGNNEKLFF	0.0012489026111467112
CASSGVISGRLDGYTF	0.0012253962608550792
CASSLGLAGSETQYF	0.0012172201390145117
CASSIPEGCGYTF	0.0012161981237844405
CASSRADGLKSLHF	0.0011916697582627376
CASSQELAGSYEQYF	0.0011773615450417442
CASSSGAYNEQFF	0.0011354589206088348
CSAHTGTSAYEQYF	0.0011139966007773449
CSAGGDRGEEKLFF	0.0010036189559296813
CAISGEDRGDTEAFF	0.0009903327579387589
CASSDLAGEGEETQYF	0.0009198137070638627
CASSPLHYRGLQNRSPYEQYF	0.0009177696766037208
CASSKINSPLHF	0.0009003954176925145
CASNVGGETEAFF	0.0008728010064805986
CASSRGGYSVLKETQYF	0.0008349864429679731
CASQQGLAGNNEQFF	0.0008268103211274055
CAISEGTQSSYNEQFF	0.0008268103211274055
CASSKLGGEQYF	0.000764467392093077
CASSARLAGGPDTQYF	0.0007491371636420126
CASTSAPDRGHEQYF	0.000737894996111232
CASSILPGADEQYF	0.0007286968590405935
CASRAGQSNSPLHF	0.0007041684935188904
CASTSNVDWSSYNEQFF	0.0006990584173685356
CARGEGTRAYEQYF	0.0006929263259881098
CASSLGSPQPQHF	0.0006765740823069745
CASSYREAGGYTF	0.000666353930006265
CSADAGGNIMMNTEAFF	0.0006632878843160521
CSAPGQGGTNEKLFF	0.0006632878843160521
CASSVTENTEAFF	0.0006622658690859811
CASSIVGDLSNQPQHF	0.0006479576558649876
CASSMGPGYSNQPQHF	0.0006438695949447039
CASSSDSGANVLTF	0.0006387595187943491
CASRIGQIYNSPLHF	0.000616275183732788
CASSKLGREQYF	0.000616275183732788
CASSLTTTDTQYF	0.0006132091380425751
CSAEGTSGYSYNEQFF	0.000590724802981014
CASSPGGESSYEQYF	0.0005866367420607302
CASMKSVGSLYEQYF	0.0005723285288397367
CASSRDGAYEQYF	0.000566196437459311
CASTDRTGVFSGYTF	0.000566196437459311
CAWSWENEQYF	0.0005202057521061179
CASTKGGGQPQHF	0.0005120296302655503
CASSRDRGFYEQYF	0.0005110076150354792
CASSEVPFQFSGNTIYF	0.0005079415693452664
CASSTKPPDGGYEQYF	0.0004956773865844149
CASSGHSTGPYSNQPQHF	0.00048443521905363436
CASSYSRVWDTEAFF	0.00048341320382356336
CASSEGQGDTGELFF	0.0004772811124431376
CASRDREDQPQHF	0.0004752370819829957
CASSLGGRLYEQYF	0.0004752370819829957
CASSERQRPGGNEQFF	0.00047421506675292475
CSASRVYSSAEAFF	0.00047012700583264094
CASSLSENTIYNEQFF	0.00046910499060256994
CASSKRTGTSYEQYF	0.000468082975372499
CASSLGQITGANVLTF	0.0004639949144522152
CASSKLGTEAFF	0.0004578628230717894
CSAPFDRNTEAFF	0.0004507087164612927
CASSDLSGGAQEQYF	0.0004496867012312218
CASSQVDRGEGNTIYF	0.0004496867012312218
CASSQEWGGVDEQYF	0.00044662065554100885
CSASDSGKSYEQYF	0.00043435647278015736
CATSRADNEKLFF	0.0004333344575500864
CASSPFGSGVESPLHF	0.00043231244232001543
CASSQGNMGFF	0.00042924639662980256
CASSLSAGHRAYEQYF	0.000419026244329093
CASSFQNRSYEQYF	0.00041187213771859627
CSAPRSGANTGELFF	0.00040267400064795765
CSADLEGYGYTF	0.00039858593972767384
CAGTGILPYEQYF	0.00039245384834724805
CASSILSGTGYYEQYF	0.00039245384834724805
CASSQEVQGSYEQYF	0.0003863217569668223
