TCR	Abundance
CASSEQGMTAKNIQYF	0.011029237785865792
CATSRDLAGGSLGYTF	0.010886219446918638
CASSLLREAGLLVSGDSEQFF	0.010297320404195065
CSARDLWGVDSYNEQFF	0.00937716564993948
CASSQVSKTYEQYF	0.008276134761133085
CASSITLRGGRLNQPQHF	0.00813942605478654
CASSEGTGDTGELFF	0.00756209467183075
CASREAGYLGVGNTIYF	0.006634578679541122
CASSETSGGSDTQYF	0.006017286290114804
CASSQTSGGADTQYF	0.006017286290114804
CASSQDPSGGAYEQYF	0.0042621568217118665
CASSRDRGTEAFF	0.0041759251761702
CASSQDGDRGIFGYTF	0.00394667519168138
CSARGTGDTEAFF	0.003821534145102621
CASSQVAGGGNQPQHF	0.0037416121321615643
CAWRHYGYTF	0.0031264229536021168
CASSHTSGGADEQYF	0.002867728016977118
CASSDDRGDNSPLHF	0.0023356156676590314
CASSYSGDYNEQFF	0.002330357640491857
CSANAGTGTYEQYF	0.00226095168188515
CASSPEGGYTF	0.0022483324166839304
CASSDSWGTDTQYF	0.0021989069613124875
CASSEASGGADTQYF	0.0021726168254766138
CATSDLAGDTGELFF	0.001961244133356188
CASSLLDRASSYEQYF	0.001880270514981697
CASSDGTGGYGYTF	0.0017950904748734655
CACNRDSSYEQYF	0.0017519746521026324
CSARDRETEAFF	0.0016436592924588323
CASSEAGGTDTQYF	0.0016100079185889138
CAWSLGEESEKLFF	0.0015942338370873894
CSARDLAGDTGELFF	0.0013691902743323094
CASSKLNQPQHF	0.001312403580926822
CASSEGWGSSYNSPLHF	0.0012966294994252977
CAWSSDRVPAAYGYTF	0.0012377395951529402
CASRPTGEVSPLHF	0.0011620240039456236
CASSGTGDYEQYF	0.0011494047387444041
CSAREPGGQEFYEQYF	0.0011388886844100547
CASSYSGTGGYEQYF	0.0011252178137754001
CASSSPIGGLGSNEQFF	0.001107340521407006
CASSLGTFYEQYF	0.0010789471747042624
CAWSPSQRGNYGYTF	0.001042140984534039
CSEGTQGTEAFF	0.0010021799780635106
CASDPTGDIYEQYF	0.0009821994748282466
CSASHPSAGPKQETQYF	0.0009517029172586329
CSARDRGLGNTIYF	0.000950651311825198
CSARLAGGQETQYF	0.000949599706391763
CASSYSSGANVLTF	0.0009432900737911533
CSARGHSVNYGYTF	0.0009243611759893241
CSAARQGEWYEQYF	0.0008970194347200153
CASSYSDSSYEQYF	0.0008865033803856657
CASSEGQGATDTQYF	0.0008686260880172716
CASSYSSTGELFF	0.0008665228771504017
CSARDLGAELFLYEQYF	0.0008654712717169667
CAWSGGGQPQHF	0.00079185889137652
CASSPWTGSDYGYTF	0.0007855492587759103
CASSETSGGQETQYF	0.0007592591229400364
CASSSGQVYGYTF	0.0007434850414385121
CASSRRTGPSGNTIYF	0.0007424334360050771
CASSEQGGGGTDTQYF	0.0007413818305716422
CASQASVSAYEQYF	0.0007403302251382072
CATCDRDDTSYEQYF	0.0007392786197047723
CASSFGQEFYEQYF	0.000723504538203248
CASTPGLAGGTLINEQFF	0.0007098336675685936
CASSELAGDQETQYF	0.0007056272458348538
CATSLDAGELFF	0.0006866983480330246
CASSYGLDYNEQFF	0.0006845951371661547
CASSQKTEAFF	0.0006845951371661547
CATSRGTSGGADTQYF	0.0006824919262992848
CASSERPEGNQPQHF	0.000678285504565545
CATRGEGGRSYTF	0.0006761822936986751
CASSESSGGAGTDTQYF	0.0006719758719649353
CASSSGISYEQYF	0.0006698726610980654
CSARGDREDYGYTF	0.0006583050013302809
CSARDRGDTEAFF	0.0006519953687296712
CASSPAGHNEQFF	0.0006519953687296712
CATRKADSGHQPQHF	0.0006498921578628013
CASSDRFNSPLHF	0.0006456857361290615
CASSYTSGAYEQYF	0.0006435825252621916
CASSDGTGGTDTQYF	0.0006425309198287566
CASSAGVNTGELFF	0.0006414793143953217
CASTLDGSYEQYF	0.0006393761035284517
CAWSGRRGPLEQYF	0.0006278084437606672
CASSGLAGDTGELFF	0.000609931151392273
CASSEESGGAYEQYF	0.0006078279405254031
CASTLQGTTPQHF	0.0006078279405254031
CASSQGGTEANYGYTF	0.0006004667024913584
CASQSSSGNTIYF	0.0005983634916244885
CAWEMGDSYGYTF	0.0005962602807576186
CAWSFATYGYTF	0.0005962602807576186
CASSFQGVKTEAFF	0.0005962602807576186
CASRPTGHYGYTF	0.0005931054644573138
CASSDSPGANTGELFF	0.000587847437290139
CSARDLVRGADYGYTF	0.0005815378046895292
CASSHPMNTEAFF	0.0005794345938226593
CASSELAGGQETQYF	0.0005783829883892244
CAWSWTGGSYGYTF	0.0005731249612220496
CSARRQGSTNSPLHF	0.000565763723188005
CAWSEGVRNTIYF	0.00056471211775457
CASRPDLAVTYEQYF	0.00056471211775457
CASSPGQGSYGYTF	0.0005626089068877001
