TCR	Abundance
CASSVQPDNSPLHF	0.014257879515710014
CASSYGVETDTQYF	0.007020693430060618
CASSKGRFPSVSGELFF	0.006362024737349477
CASSEARTGGLFETQYF	0.004518773589529925
CASTGLVGSYNEQFF	0.004355382906066696
CASSELSGTGRETQYF	0.004335980262405437
CASSYSPSGRASTYEQYF	0.004140932634021208
CASTLMGDSYEQYF	0.0038243631848112023
CASSSGGEVTGELFF	0.0036466758165449404
CASSTDTSDTGELFF	0.003507793735601196
CASSATSGMNTGELFF	0.00341588647615313
CASSYVGTGYEQYF	0.0033137672989886117
CASSPQGDVGPQHF	0.0031207620541476725
CASSDRDNSPLHF	0.002631611195529631
CASSHFRDSREKLFF	0.002546852278483081
CASSSRLAGPNEQFF	0.002506004607617274
CASSETVGGTDTQYF	0.0022864483767135596
CASSESETGGWEQYF	0.0020597438034083296
CASSLGWGADNEQFF	0.0019116709965197785
CASSYSTDYTEAFF	0.001857547832622584
CASQRGQGDTGELFF	0.0017901491756940019
CASSEGAEGETQYF	0.0017666617649461627
CASTPLLDGSNTGELFF	0.0017472591212849044
CASSYSGGPYEQYF	0.0017370472035684525
CASSEPGQGGYEQYF	0.0016482035194353218
CATSSSENAGGVSYEQYF	0.0016134829991993856
CASSEQAGLNNEQFF	0.0016124618074277405
CASSQGVRLSGNTIYF	0.0015797836707350946
CASSYSDSSYEQYF	0.0015746777118768689
CASSSGEAGELFF	0.001535872424554352
CASSESSLDGSAKLSYEQYF	0.0015042154796333512
CASSELAGQEEQYF	0.001480728068885512
CASSSGTEQYF	0.001378608891720994
CASSYDSSGANVLTF	0.0013408247961701225
CASSYLGTSYEQYF	0.0012918075911311536
CASSAAGSITDTQYF	0.001259129454438508
CASSGTDNSPLHF	0.0012101122493995392
CASSRDGAGSNEQYF	0.0011825400715651194
CASSEVSGTAGYGYTF	0.001181518879793474
CSARASRDYEQYF	0.0011641586196755062
CASSQDRDPNTGELFF	0.0011641586196755062
CASSEAEGMGNTEAFF	0.0011478195513291833
CASSQDSGAGANVLTF	0.0010998235380618598
CASSYYSDGSYEQYF	0.0010967599627469242
CASARGAGVGEQYF	0.0010753149355423753
CATVWQASSGNTIYF	0.0010589758671960526
CASSLWGQAYEQYF	0.0009282633204254694
CASSLRGPTGELFF	0.0009190725944806627
CASSEASGSTGELFF	0.0008996699508194043
CASSGGLAGNNEQFF	0.0008863944577880169
CASSAGTGVDEQYF	0.0008833308824730814
CASSDPGTGAGYTF	0.0008720977729849844
CASSAAGTGNIDEQFF	0.0008567798964103067
CASSHTQDTSYEQYF	0.0008445255951505645
CASSEAQELAGELFF	0.000830228910347532
CASSSYRDRFNYGYTF	0.0008241017597176609
CASSFSVGYGYTF	0.0008200169926310802
CASSLVTSGPYEQYF	0.000818995800859435
CSARGRVYGYTF	0.0008036779242847573
CASSYDSGANVLTF	0.0008026567325131121
CASSPRENTEAFF	0.0007934660065683055
CASSYKLAGYNEQFF	0.0007730421711354019
CASSTSDTGELFF	0.0007689574040488211
CASSEAGYSSGNTIYF	0.0007618090616473049
CASSATLAGYSGANVLTF	0.0007505759521592079
CASGLGSSYNEQFF	0.0007383216508994657
CASSQLRRPQETQYF	0.0007352580755845302
CASSYSGSGANVLTF	0.000723003774324788
CASSGKRLHGNNEQFF	0.0007219825825531428
CSARTGDTEAFF	0.0007189190072382073
CASSTGQGWAGELFF	0.0007025799388918844
CASSQPDATEELFF	0.0006984951718053036
CASSEETGGSYNEQFF	0.0006964527882620134
CASSPWTSGRRLEQYF	0.0006933892129470777
CSAPQGWGQGPDNSPLHF	0.0006923680211754326
CATSEGAGLAYEQYF	0.000689304445860497
CASSTSDSNTLHF	0.0006872620623172066
CASKHGVENSPLHF	0.0006841984870022711
CASSWGGGQGRDEQYF	0.0006770501446007549
CARGTTAGSEFF	0.0006719441857425289
CASSLRNPWGEQYF	0.0006658170351126579
CASSEGPLAGGREQYF	0.0006647958433410127
CASSYSSSGSYEQYF	0.0006576475009394964
CASGVGGRDIGELFF	0.0006556051173962061
CASSEGTSVTGELFF	0.0006464143914513994
CATKPGTIHEQYF	0.0006413084325931736
CASIPYVSHRTEAFF	0.0006362024737349476
CASSQGDRPTYGYTF	0.0006362024737349476
CASSFGAEYNEQFF	0.000627011747790141
CAISEQGGMSGANVLTF	0.0006167998300736892
CASSWDTRNSPLHF	0.0006025031452706566
CSAIMGGPSGANVLTF	0.0005902488440109145
CASSYADTSYEQYF	0.0005861640769243338
CASSRVRGRNEQYF	0.0005759521592078819
CASSLINSYNSPLHF	0.0005749309674362368
CASSWTSGRSIVGTDTQYF	0.0005749309674362368
CASSDSGDSGELFF	0.0005739097756645916
CASSQTSGESYEQYF	0.0005739097756645916
CSASGRSDYEQYF	0.0005728885838929464
CASSQTTGMGNEKLFF	0.0005718673921213012
