TCR	Abundance
CASSEDSMGELFF	0.06319522644073149
CASSHGPAGPEQFF	0.02155643462326362
CASSDGTGVDEQYF	0.008461142113945459
CATTGNEQYF	0.0074212890438338066
CASRREIRSYNSPLHF	0.007397396315949123
CASSFSGTSGFREQFF	0.006609975110010429
CASRFTGGNTIYF	0.006511287755704129
CASSSGASSEQYF	0.006422988543956386
CASSYSSGPNTEAFF	0.005441309072172659
CASSLESRTEAFF	0.0040326769412322
CSVEATDTEAFF	0.00359533613951691
CSAHTGEVSGYTF	0.0035413177982124085
CASSLSQGAWEQYF	0.0032234406359205347
CASSEGRAVNTEAFF	0.003203703165059275
CASSFEGPGTGNSPLHF	0.002992823871120548
CASSFNRDRAFADTQYF	0.0029242621302340657
CASSAKRTSDEQYF	0.0021306080387602376
CASKQDPSSYEQYF	0.0020173772848719558
CASSLAWTGLYGYTF	0.0016911896085332358
CASSPRNPPYEQYF	0.0016267831246701764
CASSRRQGGYGYTF	0.0016205502391350417
CASSLGTGDGNTIYF	0.00152705695610802
CASSSGAPYVHNEQFF	0.001511474742270183
CATGDPRGIEQFF	0.0013972051741260455
CSAQVGLAGGISYNEQFF	0.0013598078609152369
CASSDLTGGDNEQFF	0.001278780348958485
CASSIDPRAHNYGYTF	0.001277741534702629
CASSSGPEGPDGNTIYF	0.0011697048520936263
CASSLVDRPATDTQYF	0.0011260746533476827
CSAFDVTYGYTF	0.0010959490399278648
CASSPLDSAKGVTYGYTF	0.00101803797073868
CASSELTSTYGYTF	0.000956747929643188
CASSLRTNEQFF	0.0009151953594089562
CASSESGNLYEQYF	0.0008549441325693201
CASSLDGKGYTF	0.0008466336185224738
CASSPSGNTIYF	0.000819624447870223
CASSVLAGGQAYEQYF	0.0008050810482882419
CASRPSDFLALNTGELFF	0.0007822271346594144
CASSQGDLNTEAFF	0.0007822271346594144
CATSISSWDRDYGYTF	0.0007406745644251826
CASSLEWGDSPLHF	0.0007365193074017594
CSASWTGGTEAFF	0.0007354804931459035
CATSPLRLASGNEQFF	0.0007240535363314897
CASSAELICIGGELFF	0.0007240535363314897
CASSSPSRTGFYEQYF	0.0007105489510053644
CASSVVGYTF	0.0006991219941909507
CASSTGTGVYNSPLHF	0.0006752292663062674
CASSESSYYGYTF	0.0006689963807711326
CASSLISQAGHGYTF	0.0006575694239567188
CASSRNTEAFF	0.0006315990675603239
CASSLLGRGTDTQYF	0.0006284826247927566
CASSEKGDRGYEQYF	0.0006253661820251892
CASSALEGPYEQYF	0.0005973181971170826
CASKAGVTNYGYTF	0.000595240568605371
CASSLYGPLSTEAFF	0.0005775807262558226
CASSQEGPGNTEAFF	0.0005775807262558226
CSAGQQGVGYTF	0.0005723866549765436
CASSGQGSSYEQYF	0.0005578432553945624
CASSLSGAATEAFF	0.0005568044411387067
CASSENRDYYEQYF	0.0005329117132540233
CASSRAGPTDTQYF	0.0005225235706954654
CASSAKQGSGYTF	0.0005204459421837538
CASSGGDRGNSGNTIYF	0.0005183683136720422
CASSYGVRTSPPRVSYEQYF	0.0005162906851603306
CASSQDLARGSYEQYF	0.000514213056648619
CASSEEGGSTDTQYF	0.0005110966138810516
CSATTGGNGYTF	0.0005110966138810516
CASSESPESAHKETQYF	0.0005017472855783495
CSAKEGAVYEQYF	0.0005007084713224936
CAITGTGGAVAAFF	0.0005007084713224936
CASSEGTGGHEQYF	0.0004965532142990705
CSARTGGFFYGYTF	0.0004944755857873589
CASSLGTDYNSPLHF	0.0004872038859963683
CASSLTGLQGINEQYF	0.00047785455769366615
CASSSGVGEKLFF	0.0004705828579026756
CASSRGTANQPQHF	0.0004705828579026756
CASQGFGELFF	0.0004550006440648386
CASSIVVGNEQFF	0.0004539618298089828
CASSQVHEQYF	0.0004508453870414154
CASSWDGRNTEAFF	0.0004508453870414154
CASSGDPQGSGNTIYF	0.00044669013001799227
CATSDPLSPGGDNYGYTF	0.00044669013001799227
CASSQDSGQFYGCTF	0.00044669013001799227
CASSISSSPLHF	0.00044253487299456907
CASTKWDRDHEQYF	0.00044253487299456907
CAISSRIYEQYF	0.0004383796159711459
CASSLASGDTEAFF	0.0004383796159711459
CGTGPTNQPQHF	0.0004363019874594343
CATSSYNSPLHF	0.0004321467304360111
CASSEAARTYGYTF	0.00042799147341258796
CASSTQERARIYEQYF	0.00042799147341258796
CATQKGQGNTIYF	0.00042695265915673215
CASSFRTGSTGNTIYF	0.00042175858787745315
CASSGGGGGWYEQYF	0.0004144868880864626
CASSVSGQSSNEQFF	0.000412409259574751
CATSLRTEEDQPQHF	0.000412409259574751
CASSLSGQGNYEQYF	0.000412409259574751
CASSYSDSGSIEQYF	0.000412409259574751
CSALEGGEYGYTF	0.0004113704453188952
CASSEYTTVSYEQYF	0.00040721518829547204
