TCR	Abundance
CASTSDPPAYEQYF	0.046140123681034005
CASSRPGQGYEQYF	0.03092130540337668
CASSKINQPQHF	0.029748774862620248
CASSSPFRDRGVGGELFF	0.02746024650360815
CASSQGVGDNQPQHF	0.022673809331877442
CASSKGLEQYF	0.015864756977341896
CASSYPQYSNQPQHF	0.01223200610553403
CASSLGDRRDTEAFF	0.011144274648528735
CASSPGLAGITGHTQYF	0.01000629188263388
CASSEYWLAASSTDTQYF	0.00997697861911497
CASIPGQGGGKEAPQHF	0.007881080277512853
CASSARTTYNSPLHF	0.007847579404919813
CASSFPSGRVGTGELFF	0.007511523776720872
CASIYSGGSSYEQYF	0.006905367363240539
CASSPGGPGDYTF	0.0049141592484916756
CASSLGGISTDTQYF	0.004339409903067319
CASSSTSTDTQYF	0.0027345087254069572
CASSSRSAEAFF	0.0025900362123494687
CASSAGGSGYEQYF	0.0025533946329508303
CASRPIGGWGVGGGEQYF	0.002314700915725414
CASSRTVYRWFDIQYF	0.00223827705012254
CASSSLAETDTQYF	0.0021639469890567305
CASSEEQVLGGTEAFF	0.002132539921000755
CASNIGGRGNEQFF	0.0019765514829894085
CASSFYLAPNYEQYF	0.001854063917571103
CASSTGSFIRPQHF	0.001838360383543115
CASSGAASGAGEQYF	0.00183207896993192
CASSRDRAGLHYGYTF	0.0015923383504379716
CASRGAGDHSNQPQHF	0.001505445462149772
CATSRQAGETQYF	0.0014405375215007553
CASSLRGVAGKFYEQYF	0.0013567853400181533
CASSLGLGGFSGYTF	0.0013348003923789702
CASSFTTANTEAFF	0.0013117685424712546
CSARDSSGTSNEQFF	0.001284549083489409
CASSPLGQSYGYTF	0.0012793145721467464
CASSPSAGGGGYGYTF	0.0012395322859425103
CATSRDQESDEQYF	0.0012123128269606648
CASSQDWRYPSYEQYF	0.001207078315618002
CASSQGLGQGGSYEQYF	0.001161014615802571
CASSYVRGTETLNTEAFF	0.0011453110817745832
CASILTSGYNEQFF	0.0011358889613577903
CASRGDRADNTGELFF	0.001117044720524205
CSASTGEGDTEAFF	0.0010866845547367616
CASSVVAANTEAFF	0.0010385270503842656
CASSLTESFWGEQYF	0.0009662907938555212
CASSDLAGTVREQFF	0.0009516341620960659
CATSDTGGGGGDTQYF	0.0009484934552904683
CASSLEQGAGETQYF	0.0009244147031142202
CASSSFGGREQETQYF	0.0008888200259841143
CASSQARVGDPYEQYF	0.0008877731237155817
CASSLATIETQYF	0.000874163394224659
CASSPLDGQGAFGANVLTF	0.0008657881760763987
CASSLIGNSPLHF	0.0008406625216316182
CASSLEGIWSSYEQYF	0.0007893643104735244
CASSYSVTHEQYF	0.0007851767013993942
CASSLEEAGSMNTEAFF	0.0007830828968623292
CSARDGQGDTEAFF	0.0007600510469546137
CASSPLGGYVYEQFF	0.0007600510469546137
CAWRTGKNYGYTF	0.0007558634378804836
CASSYSREPQPQHF	0.0007558634378804836
CASRLHPSTDTQYF	0.000752722731074886
CASSTLGRERDTQYF	0.0007485351220007559
CASSVSTDTQYF	0.0007171280539447801
CASSDLAGSTDTQYF	0.0007077059335279873
CASSGGPENSPLHF	0.0006961900085741295
CASSFLGTRLYEQYF	0.0006658298427866863
CASSLGQRYEQYF	0.0006407041883419057
CASSLGQGGTF	0.0006103440225544625
CASSYSGNYEQYF	0.0006009219021376697
CASSYSAGKGSNEQFF	0.000593593586257942
CSVDSPRGTFQETQYF	0.0005894059771838119
CASSLEALPNTEAFF	0.0005841714658411494
CSAVEVRLDYNEQFF	0.0005831245635726168
CASSDRGNSPLHF	0.0005778900522299542
CAWASATYEQYF	0.0005579989091278361
CSARGAGEVDTQYF	0.0005569520068593037
CASTTGGATDTQYF	0.0005569520068593037
CASRTDLGLLYEQYF	0.0005433422773683808
CASSSFRGQTYGYTF	0.000531826352414523
CASSLKEEFGYTF	0.0005255449388033279
CASSSTETYEQYF	0.0005244980365347953
CSARKTESSPLHF	0.0005108883070438726
CATRQGADSPLHF	0.0004993723820900148
CASSYTPTVAYEQYF	0.0004941378707473521
CASSIRGQGGEDTQYF	0.0004920440662102871
CASNPIGADYEQYF	0.00048157504352496183
CASTDISGNTIYF	0.0004805281412564293
CASSLRRDNSPLHF	0.0004784343367193642
CASSPLGDTYEQYF	0.0004773874344508317
CASSLGLPRGASTDTQYF	0.000467965314034039
CASSLTSGSTDTQYF	0.00046587150949697393
CASRTSGTPNEQYF	0.0004512148777375186
CASSFRSQVSYEQYF	0.0004417927573207258
CSARDPRGDVKAFF	0.0004365582459780632
CSARGGTSSYEQYF	0.0004323706369039331
CASSYLPGLAGGSYEQYF	0.0004313237346354006
CASSEDYEQYF	0.00042922993009833553
CASSLLYRDEQYF	0.0004250423210242054
CASSLHPGSNYGYTF	0.0004208547119500753
CAWVGLAGVGEQYF	0.00041771400514447775
