TCR	Abundance
CASSLRDPGGGETQYF	0.02223196086424786
CASSQDGAGQNIQYF	0.011041581736649
CASKEERTLNYEQYF	0.009234610680799022
CASGLAGGGHEQFF	0.008275580921320832
CASSLSGGAHEQYF	0.007324704443538524
CASSGPGGEQYF	0.0064319200978393805
CASSPGPSGYEQYF	0.005527924989808398
CASSSGGTQYF	0.005147778230737872
CASSLEQGAGMDTQYF	0.0050428047289033835
CASRLGSGASYGYTF	0.005002038320423971
CASSLAESGEQYF	0.0044150020383204236
CASSSLSRNYEQYF	0.004098043212392988
CASSLHGTEETQYF	0.0036944557684468
CASTSPRGINTGELFF	0.0028801467590705257
CASSSGTVVYEQYF	0.002849571952710966
CASSLGGGGHEQYF	0.002648797390949857
CASSSPAGTTEAFF	0.0025448430493273545
CASSEGGENTEAFF	0.0025438238891153687
CASSKADTTHPYEQYF	0.0024368120668569098
CAWGGSYGYTF	0.0022095393395841828
CASSPGTPGDEQFF	0.002166734610680799
CSVDWSRGFGNEQFF	0.0021331023236852834
CASSVEQETEAFF	0.001943538524256013
CASKQKGNQPQHF	0.0019048104362005707
CASTLGGANGYTF	0.0018273542600896861
CASSSGTDAYEQYF	0.0016530778638401957
CASSSALDSAGNTIYF	0.0016520587036282103
CASSDLGVEQYF	0.0015542193232776192
CASSLTDTGFGYTF	0.0015165103954341622
CATLGLESGNNSPLHF	0.0014258051365674683
CAISESGQEQYF	0.0014227476559315125
CASSSGTISYEQYF	0.0013809620872401141
CASSFGLGDGYEQYF	0.0013626172034243782
CASSSSDRTNPPF	0.0013626172034243782
CASSDSMGGTDTQYF	0.0013503872808805545
CASSGSGLALYEQYF	0.001263758662861802
CASSLRLALNEQYF	0.00124235629841011
CASKIKGNQPQHF	0.0012026090501426824
CASSLDISNQPQHF	0.001160823481451284
CASSRTRTDTQYF	0.0010762331838565023
CASSSYIYSGNTIYF	0.0010436200570729719
CASSLANYLNTEAFF	0.0010385242560130453
CAWSDQAPEAFF	0.0010018344883815735
CASSEEAGDGNQPQHF	0.0009926620464737056
CASSYLAGGANTGELFF	0.0009763554830819405
CASSVIGYREGYEQYF	0.0009682022013860579
CSVEGVQQGTSSYNEQFF	0.0009549531186302487
CAIGTGLEAFF	0.0009315124337545862
CASIDARGGELFF	0.000927435792906645
CASSDPGQGGGNTIYF	0.0009141867101508357
CASSDGLGQTGELFF	0.0008948226661231145
CASSGSGGPHEQFF	0.0008846310640032613
CASSLAGGHEQYF	0.0008825927435792907
CASSLGDSSNQPQHF	0.0008774969425193641
CASSEQAGAGDEKLFF	0.000855075417855687
CASSDSSRGYTF	0.0008509987770077456
CASSPQRDGYTF	0.0008408071748878924
CASYRDRGFGGYTF	0.0008071748878923767
CASSLVLRGGYEQYF	0.0007939258051365675
CASSQSHSDPLMKTQYF	0.0007898491642886261
CASSLTDSGGYEQYF	0.0007806767223807583
CSAAPGGTVFQETQYF	0.0007806767223807583
CASSLARDFRNYGYTF	0.0007806767223807583
CASSVDMGGYTF	0.0007776192417448022
CASSGAGQIFYEQYF	0.0007776192417448022
CASSEEGQGDTEAFF	0.0007776192417448022
CASTPGQSPGNTIYF	0.0007317570322054627
CASTEDGQYNEQFF	0.0007103546677537709
CAWSVGEGDQPQHF	0.0006858948226661231
CASRFGTFHNSPLHF	0.0006828373420301671
CASSETENSGYTF	0.0006777415409702405
CASSYDRGNEQFF	0.0006614349775784753
CASRIGQENTEAFF	0.0006532816958825928
CAWSVFAGQYEQYF	0.0006532816958825928
CASSEAGGAGYGYTF	0.0006410517733387689
CASSLWSYEQYF	0.0006369751324908276
CASTSAWTKTHNQPQHF	0.0006349368120668569
CASSPTGTGNGYTF	0.0006237260497350183
CSVEGSQTGNGYTF	0.0006216877293110478
CASSLGFGTGELFF	0.0006196494088870771
CASSFPLAGGPGETQYF	0.0006125152874031798
CASSLRGRGDQPQHF	0.0005972278842233999
CASSPSRGGGTDTQYF	0.0005972278842233999
CASSEDRGDYGYTF	0.0005890746025275173
CASSLDREYGYTF	0.0005890746025275173
CASSPGQRAYGQPQHF	0.0005860171218915614
CASSYGGTRNSHEQYF	0.0005839788014675907
CASTTGNYGYTF	0.0005819404810436201
CATRTSGTYEQYF	0.0005799021606196494
CASLSLISMGGVSYNEQFF	0.0005778638401956787
CASSITGEGLGNTIYF	0.0005768446799836935
CATSDNRVNQPQHF	0.0005758255197717081
CASSGTGSNYSPLHF	0.0005737871993477375
CASSFGTASSYNSPLHF	0.0005727680391357521
CASRGTASSGNTIYF	0.0005717488789237668
CASSPILTSGPFSYEQYF	0.0005686913982878108
CASSLPGEGNYEQYF	0.0005646147574398696
CASRLDRGTYEQYF	0.0005605381165919282
CASIHDREYSGYTF	0.0005584997961679576
CASRGTGGVYEQYF	0.0005574806359559723
