TCR	Abundance
CASSPDRGRGYTF	0.4053548020932849
CASSPSRGGTYNEQFF	0.02529453229301949
CASSTIRQGNNYGYTF	0.010811804317046618
CASSLWANSNEKLFF	0.006300658241551826
CASSYSSLGTSKQYF	0.0049312572837790615
CASSFLEPRNEQFF	0.004881773030880193
CASSLILMNTEAFF	0.004416217100545942
CASSLSAGGFPYEQYF	0.004157687126217161
CASPDSTDTQYF	0.003760803220313993
CSGAGGGETYEQYF	0.0030730730932909452
CASSLIRLGRDGYTF	0.003012480130557637
CASSLEAGKIYGYTF	0.0025085486571589577
CASRPRTGTAWGYTF	0.0024822917066411906
CASSYSTGGYEQYF	0.00224092973842018
CASSQTSGGVYEQYF	0.0018046604067403613
CASSEESGGAYEQYF	0.0016097530432815533
CASSEWGTGYNSPLHF	0.0015885455063248954
CAWSVTGGEPQHF	0.0014915967659516025
CASRDRGQRGYTF	0.0014602904018727264
CAAGPSGQGADTQYF	0.0014481718093260648
CASSFPGTVNTEAFF	0.0013754602540460951
CASSYSWGPLQETQYF	0.0013017388160539035
CSARDHAGTSGSRRWYEQFF	0.001233066791622821
CASSEHTEAFF	0.0012148889028028285
CASSNGIYGYTF	0.001171463946177291
CASSLAHGGLAYF	0.0010098827122218025
CASGGWNNEQFF	0.0010038234159484717
CASSYSDSGANVLTF	0.0009321217433807238
CASSEEDSSGNTIYF	0.0009018252620140697
CASSLWAGGKAYEQYF	0.0007978073426552241
CASSLLLPNYYEQYF	0.0007967974599430022
CASSGLGLADSTDTQYF	0.0007957875772307804
CASTPHVMNTEAFF	0.0007523626206052429
CAISEGNRVEAFF	0.0007291353182241415
CATSDLGQGDTGELFF	0.0007129771948285927
CASSDTENQPQHF	0.0006978289541452656
CASSLGRYVATDTQYF	0.0006897498924474912
CASSYADTSYGYTF	0.0006806609480374949
CASSLGFADEAFF	0.0006735917690519423
CSARGLDRGADSPLHF	0.0006665225900663896
CASEEGNTGELFF	0.0006170383371675213
CAWSQGSLNTEAFF	0.0006129988063186342
CASSPPDRGYLSYEQYF	0.0006119889236064123
CASRVIRGYDSGANVLTF	0.0006109790408941906
CASLAVESYNEQFF	0.0006079493927575252
CASSEAVGTSYEQYF	0.0006028999791964162
CASARWAATNEKLFF	0.0005938110347864199
CASSYSRHRSDYGYTF	0.0005584651398586568
CASSQYRDTSYEQYF	0.0005362477201897772
CASSPYGTLNTEAFF	0.0005342279547653336
CASSQGGGGTANSPLHF	0.0005190797140820065
CASSGDSLEQYF	0.0004988820598375704
CASSQSINSPLHF	0.0004918128808520178
CASSGQGAHEQYF	0.0004918128808520178
CATSEEGQTVSEQYF	0.0004887832327153524
CASSQHPNYGYTF	0.0004766646401686908
CASSQTLGTASYEQYF	0.0004716152266075818
CASSYSFGNTEAFF	0.0004685855784709164
CASSTTKAVGSNEQYF	0.00046151639948536377
CATQGGESTEAFF	0.00045444722049981114
CASAVGYTEAFF	0.00045343733778758935
CASRRTETANYGYTF	0.00044939780693870214
CATSEPGQGIQETQYF	0.0004352594489675969
CASSLSFSNTGELFF	0.0004332396835431533
CATRDRVGTEAFF	0.0004332396835431533
CASSFRTGGYGYTF	0.0004322298008309315
CASSPTLGQGANQPQHF	0.00041203214658649544
CSVYRGVIYGYTF	0.00040900249844983
CASSPWEGYEQYF	0.0004019333194642774
CASSLWGREGNQPQHF	0.00039890367132761203
CASSLGQGRETFF	0.0003898147269176158
CASSEQGPYEQYF	0.0003797158997953978
CASNPPGDTGELFF	0.00037870601708317594
CASSWTGISSGYTF	0.0003574984801265181
CASSYRVGQASDPEAFF	0.00035648859741429633
CASSEPTGYNEQFF	0.00035244906656540907
CASSSGQANTGELFF	0.0003494194184287437
CASSSGTGDTGELFF	0.00034840953571652186
CASSQDRRAGYTF	0.00034437000486763465
CSASPSSGRWKDTQYF	0.00034033047401874745
CASRTRAGSGNTIYF	0.00033932059130652566
CASSLAGSLGHEQYF	0.00033932059130652566
CASSDAVDTGELFF	0.00033730082588208203
CASSYAGTSSYNSPLHF	0.00033427117774541666
CASSTRGGLGQPQHF	0.00033124152960875124
CASSVGPEGQPQHF	0.00033124152960875124
CASSQEIGGGGNTEAFF	0.00032720199875986404
CASSQLLGTSNEQFF	0.0003140735235009806
CAWSGPAEPYEQYF	0.000307004344515428
CASSYLSNQETQYF	0.0003039746963787626
CASSYSRYYEQYF	0.00029892528281765353
CASSLGLAGVLYEQYF	0.00029892528281765353
CASSYSQGKYF	0.00029690551739320996
CSASTLAGGDEQFF	0.00029690551739320996
CASSKTDGIAFF	0.00029387586925654454
CASTQSIADTQYF	0.00029286598654432275
CASSFSTCSANYGYTF	0.00029286598654432275
CASSLLEADNSPLHF	0.00029286598654432275
CASSLYGTLNTEAFF	0.00028882645569543554
CASNLDRDGYEQYF	0.0002868066902709919
