TCR	Abundance
CATTKVPGRKPPQHF	0.09519348080120665
CSARDLSRGADNEQFF	0.03035669242292427
CSGSRGLNYEQYF	0.018425076059035195
CASSYSPRTLSYEQYF	0.015985009549205433
CASSPVDYRTQAFF	0.010246220213428602
CASSHTTPTGERPQHF	0.007389180312678565
CASSLSGRGSYGYTF	0.005285781207369619
CASSDRQSGELFF	0.005120021414929707
CASSFGGTNSNQPQHF	0.004437420530534292
CASSREATGGDEAFF	0.00411619658493645
CASSYTPSSREQYF	0.003766144849349058
CASSLIPDTGELFF	0.00364980412546266
CASSSSTGTSSSQPQHF	0.00363847892225248
CSARGAHYNEQFF	0.00354067034907365
CASSRGQGHTGELFF	0.0030969282960202206
CASSDGTGVHGYTF	0.002998090158913192
CASSAGTESNQPQHF	0.0029311685035803086
CSARDRSDYEQYF	0.0026542158068949898
CASSDDRNRHSNQPQHF	0.002403002208414626
CASSESAGTSNEQYF	0.002363878779143094
CASSEMTGMWGYTF	0.002318577966302373
CASSELGGGNQPQHF	0.002157965993503452
CASSLGTGGYEQYF	0.0020086792239147108
CASGLAGYNEQFF	0.0019242549818024575
CASSGSTGSNQPQHF	0.001799677746490474
CASSEGSGGETQYF	0.0017729090843573204
CATSDYRNQETQYF	0.0017204013240192117
CASSLNIAYTF	0.0017090761208090313
CASSAWARNEQFF	0.0015536119676511013
CATKTSGGYNEQFF	0.0015402276365845246
CASLAGINYGYTF	0.0015391980726563264
CASSLVGGGTDTQYF	0.0015381685087281281
CASSDVSHNSPLHF	0.0015093407187385783
CASSLEGTGNTIYF	0.0014702172894670463
CASSEASGGSYEQYF	0.0014630103419696588
CASSPPRTVNTEAFF	0.0014506555748312801
CASSLTLAGGYNEQFF	0.0013847634834265948
CASSESPDRTENSYEQYF	0.001342551362370468
CASSRERDRLNTEAFF	0.0012529793006172236
CASSLFMTGTDEGYTF	0.0012251810745558718
CASSFPGYEQYF	0.001187087209212538
CASSQRGADSPLHF	0.0010635395378287527
CASSYSENQPQHF	0.0010594212821159598
CASSELGYYGYTF	0.001051184770690374
CASSEQGNTEAFF	0.0010470665149775813
CASSSRTGHTISGANVLTF	0.001026475236413617
CASSPAQRVADTQYF	0.0009997065742804634
CASSLLVGGSNQPQHF	0.0009698492203627153
CASSPILAGSEQFF	0.000958524017152535
CASSLLGGNTIYF	0.0009173414600246065
CASRGQGWWTYGYTF	0.0009173414600246065
CASSLGSVGYEQYF	0.0008977797453888405
CASSEDAGDQPQHF	0.0008679223914710924
CASSLPSGQNTGELFF	0.000851449368619921
CASQGVRDSPLHF	0.0008390946014815425
CASSLDWGMTYEQYF	0.0008360059096969479
CASSPGQGEAGELFF	0.0008329172179123533
CASRGPPRREAFF	0.0008236511425585693
CASSSRLAGGTDTQYF	0.0008205624507739747
CASSLWSSGSSYNEQFF	0.0008185033229175782
CSAREGEDNSPLHF	0.0008092372475637943
CASSAKDSGNTIYF	0.0008051189918510015
CASSLGLGSTYEQYF	0.0007824685854306408
CASSEGAGDGYTF	0.0007824685854306408
CASSFAQDNEQFF	0.0007793798936460462
CASSSGGPGYTF	0.0007773207657896498
CASSLGTEGEQYF	0.0007762912018614516
CASSFTASNQPQHF	0.0007670251265076677
CATSDLGSNQPQHF	0.0007659955625794694
CASSQGQHSNQPQHF	0.0007629068707948748
CASSANDLGNEQFF	0.0007598181790102802
CASSYSPGSSGNTIYF	0.000758788615082082
CASSVSRRSPNYGYTF	0.0007052512908157749
CASSITGENNEQFF	0.0007021625990311803
CATSDLRGVSTDTQYF	0.0006928965236773964
CASSLAEGDGYTF	0.0006867191401082072
CASSLMRQGERGQYF	0.0006867191401082072
CASRTDRNYGYTF	0.0006846600122518107
CASRFVRGHTEAFF	0.000676423500826225
CSVGGGRGDQPQHF	0.0006743643729698286
CASSLRNGLAGGIRSYEQYF	0.0006702461172570358
CASTLTGSSRNEQFF	0.0006630391697596483
CAWSPADRSNSPLHF	0.0006630391697596483
CASSSGQLYGYTF	0.0006620096058314501
CASSQTGGSGYTF	0.0006455365829802787
CASSLAPPFTETQYF	0.000637300071554693
CASSSLGEYGTEYEQYF	0.000632152251913702
CASSLTDRGEYEQYF	0.0006300931240573055
CASSEGTGYSNQPQHF	0.0006187679208471252
CASSLRLGANQPQHF	0.0006167087929907287
CASNRDSNQPQHF	0.0006074427176369449
CATGTGLSEQYF	0.0006043540258523502
CASSYDREVVTIYF	0.0006012653340677556
CASTHYGYTF	0.0005930288226421699
CASSTLAGVPGELFF	0.0005806740555037913
CASSQKFLNTEAFF	0.0005755262358628004
CASSPQQGVTGNTIYF	0.0005734671080064039
CASSLQPGTEAFF	0.0005652305965808182
CASSEWGTGGRVGYTF	0.0005652305965808182
CASSVEGTTEAFF	0.0005621419047962236
