TCR	Abundance
CASRGRGWDTEAFF	0.010812320787426158
CASSAINSPLHF	0.0056238856983231045
CASSYKLAGDYEQYF	0.004784821670651451
CASSGSWYEQYF	0.00439661334450716
CASSSGTNNDEQYF	0.0037372753937541595
CASSSDAGELFF	0.003517496076836492
CASGSGEDQETQYF	0.0027308093630097033
CASSQLTSASYEQYF	0.001965689778413152
CASTNSGEGPYEQYF	0.0018280709538011552
CASSLVASETYEQYF	0.0017828826830330368
CASRKQGSTYNSPLHF	0.0017798016645715741
CASSYRTGPYEQYF	0.0015487252799618776
CSARTGTGSEAFF	0.0015107260522705052
CASSEGTGGSYEQYF	0.0011266257507414985
CASSVGDGIYGYTF	0.0011163556892032898
CASSETAGGASEQYF	0.0010783564615119174
CASSEAIGTGNSPLHF	0.001056789332281679
CASKFLIHLPTNEKLFF	0.0010557623261278582
CASSGQINTEAFF	0.0010095470492059188
CASSLLRDQAEAFF	0.0010054390245906354
CSAPRTPNTEAFF	0.00097565584612983
CSARTGTGSPLHF	0.00097565584612983
CASSLLRIGGYEQYF	0.0009468996738228456
CASRDPSGSRYEQYF	0.0008770632553630262
CASTPDSHEQYF	0.0008524151076713251
CASSAIPGQGDEQYF	0.000837010015364012
CASSYKIPDSPYEQYF	0.0008339289969025494
CSASRLAGDSYEQYF	0.0008010647999802814
CASSLSPGDSYEQYF	0.0007959297692111771
CASSESSGGSQPQHF	0.0007959297692111771
CASSAPDGYTF	0.0007846327015191475
CASSASTGGSYEQYF	0.0007846327015191475
CSAQGAYEQYF	0.0007620385661350883
CASSPGSGDFYEQYF	0.0007610115599812674
CASSISREPYEQYF	0.0007456064676739543
CASSVDRSSGNTIYF	0.0007384174245972082
CASSYRAGGPYEQYF	0.0007373904184433873
CASGTGPSYNSPLHF	0.0007302013753666412
CASAGTEENTIYF	0.000715823289213149
CASGEFHGTGELFF	0.0006973371784443732
CASTHSWSEKLFF	0.0006654999876759261
CASMADTYSNQPQHF	0.0006562569322915383
CATWGHLDEKLFF	0.0006429058522918669
CASSLSGLSLGEQYF	0.000641878846138046
CSARPSGGYYEQYF	0.0006131226738310616
CASSLDSYSNQPQHF	0.0006120956676772408
CASSEAEGPLFEAFF	0.0006100416553695989
CASSESGNYGYTF	0.0006028526122928529
CASTSYSRGGYTF	0.0006028526122928529
CASSNLAGESYEQYF	0.0005956635692161067
CASSHESGEQYF	0.0005884745261393607
CASSGQEDNSPLHF	0.0005864205138317189
CASSSKGGRETQYF	0.0005823124892164354
CASSTGDGGQPQHF	0.0005648533846014806
CASSRAGLGDTYEQYF	0.0005586913476785553
CSALMGDYGYTF	0.000544313261525063
CASSVHSAEPYEQYF	0.0005186381076795413
CASRLTGVGYTF	0.0005155570892180786
CASSKGPSDVSPLHF	0.0005145300830642578
CASSLSREVNTEAFF	0.0005093950522951534
CASSGSNEAFF	0.0005052870276798699
CASSGYEQYF	0.0004991249907569446
CASSIGPAGEQYF	0.0004765308553728854
CASSPKTGTSFGYTF	0.0004765308553728854
CSAVSGSFYEQYF	0.00047550384921906454
CSAKPLNEQYF	0.0004693418122961393
CASSYSSDRSSYEQYF	0.0004662607938346767
CASRAGTAEEQYF	0.0004642067815270349
CASSSTASGSNEQYF	0.00046112576306557226
CASRISGIGEQYF	0.0004600987569117514
CASSFSGANTIYF	0.0004559907322964679
CASSYTSGSSYEQYF	0.0004559907322964679
CASGPGLAGLPEQYF	0.00045496372614264706
CASSQPTPGGEGQPQHF	0.0004385316276815131
CSAVPGRFYEQYF	0.0004385316276815131
CASSLDHSYEQYF	0.0004323695907585878
CASSYVSGSSYEQYF	0.00042312653537419996
CASSLRGQVPYEQYF	0.0004220995292203791
CASSESSGDSYEQYF	0.00042004551691273735
CSARGTGDTEAFF	0.0004179915046050956
CASSAGEGVYEQYF	0.0004169644984512747
CASSSEPYEQYF	0.000414910486143633
CASSMGPYNSNEQYF	0.00041285647383599124
CASSEAGLAGPGELFF	0.0004097754553745286
CASSPTVLYGYTF	0.00040566743075924513
CASSEGTSGSYEQYF	0.00039642437537485727
CASSDPPGGEEEQYF	0.00039642437537485727
CASSTFHSGSNQPQHF	0.0003933433569133946
CASSVSSGSSYEQYF	0.00039231635075957376
CSAKTRGNPYEQYF	0.00039128934460575286
CASSEKGRDSAYEQYF	0.00038820832614429025
CSARGGGDNYGYTF	0.0003871813199904694
CASSISPDGSYEQYF	0.0003861543138366485
CASGTGTYEQYF	0.000382046289221365
CASTLDGGHLNYGYTF	0.0003789652707599024
CASSFKGANTGELFF	0.0003748572461446189
CASSYKDSASYEQYF	0.0003686952092216937
CASRWDRNTEAFF	0.0003625331722987684
CASSFRTVGGYTF	0.0003625331722987684
CASSEEASPYF	0.00036047915999112666
