TCR	Abundance
CSAREGPLNSPLHF	0.03731205016746241
CASSLGHREEDTEAFF	0.014842564974397085
CASSLKTGTIYGYTF	0.006585497449888528
CASSSGWAQQPQHF	0.004376418849446713
CASRTGASNEQYF	0.004196231332267817
CASSEFSTVSYEQYF	0.004185033237979864
CASSPGTSEYNEQFF	0.004088322423674807
CASSQDPGAVYGYTF	0.0035172196149891584
CASSYSAGGTEAFF	0.003445959014974906
CASSDGGGSGELFF	0.0026254441062393747
CASSTGYNSPLHF	0.0025826877462308234
CASSLASGTPYEQYF	0.002358725860471745
CASSIGWTDGYTF	0.0023383656890391016
CASSFASTTDTQYF	0.00225794301188016
CASSLRSGASHNEQFF	0.002193808471867333
CASSQGWGDSLYEQYF	0.0020075129032586453
CASRETGRASPLHF	0.001940324337530922
CASSDGSNTEAFF	0.0018924779346642098
CASSLSSGGSSYEQYF	0.0018079832232187395
CASRTGATNEQYF	0.001787623051786096
CASSAYSTYEQYF	0.0016919302460526719
CASSGQGNQPQHF	0.0016389938003277987
CAWGRGGQDNSPLHF	0.0016023454917490406
CASSLDSAGNYFGYTF	0.0015860573546029257
CASSILRDGYNEQFF	0.0015687512088851789
CASSLPSSYEQYF	0.0015504270545957997
CASSLEQAVRGEQYF	0.001522940823161731
CSVEGGTGELFF	0.0014547342488623754
CASSIRSSYEQYF	0.0014201219574268816
CASRSGQGPREQYF	0.001393653734564445
CASSLDFRPTYGYTF	0.0013162850831203998
CSARDRTGNGYTF	0.001293888894544492
CASSSVNEQYF	0.0012898168602579634
CASSLEQAARTDTQYF	0.0012725107145402164
CASSESGSSVDEQYF	0.0012511325345359408
CASSFQGGNYGYTF	0.0012358624059614581
CASSLMVRSNTEAFF	0.0012307723631032974
CASGPGSLNEQYF	0.0012246643116735044
CASRMTGHKAQHF	0.0012002321059543322
CASSLGTLQPQHF	0.001164601805947206
CATSDDGTQGGGYTF	0.0010180085716321732
CASSIRRGPDTQYF	0.0010139365373456445
CASSLGTENNQPQHF	0.0009966303916278975
CASSTQSGGSPLHF	0.0009854322973399435
CATSSQEIQPQHF	0.0009589640744775071
CASSEAPSSYNSPLHF	0.0009386039030448636
CASSLSRGLLNEQYF	0.0009253697916136454
CASSEDGMNTEAFF	0.0009223157658987489
CASSEGPGEDYEQYF	0.0009182437316122201
CASSLDGDGYGYTF	0.0009100996630391628
CASSLDGTYEQYF	0.0009080636458958985
CASSEYWTETYNEQFF	0.000893811525893048
CASSIGGTGNQPQHF	0.0008754873716036689
CASSGQGLGYTF	0.0008286589773085889
CASKGMGNQPQHF	0.0008082988058759454
CASSDTTDSLYGYTF	0.000794046685873095
CASSFFALGNGELFF	0.0007685964715822908
CASSLVGTGSWGYTF	0.0007238040944304751
CSARGTGLAGVVGNEQFF	0.0007238040944304751
CASSVDRGGTSYNEQFF	0.0007044619315694638
CASAGSESSYNEQFF	0.0006973358715680387
CASRDLIYGYTF	0.0006942818458531421
CASSQGGGETQYF	0.0006881737944233491
CASSQDWTNAYNEQFF	0.0006851197687084526
CASTLSANTEAFF	0.0006810477344219238
CASSASIAGGQYF	0.0006779937087070273
CASSIGTPYEQYF	0.0006718856572772343
CASSPLGYRGGETQYF	0.0006647595972758091
CASRKTGSGNTIYF	0.0006637415887041769
CSARLEHIQGTRTNYGYTF	0.0006586515458460161
CASRGLGTYEQYF	0.0006423634086999012
CASSFSGAGNYGYTF	0.0006393093829850047
CASSFMPRGRGYGYTF	0.0006250572629821543
CASRGQGNQPQHF	0.0006220032372672578
CASSFSGQGSSYEQYF	0.0006189492115523613
CASSEGAGGLNTIYF	0.0006138591686942004
CSARKGGWGTDTQYF	0.0005802648858303387
CASSEGRNTEAFF	0.0005751748429721779
CASSFRTGGFGEQYF	0.0005741568344005457
CASSEAGDYGYTF	0.0005721208172572813
CASSIGLVISIEQFF	0.0005609227229693274
CASSYSGTSAYEQYF	0.0005599047143976953
CASSLDQGFYGYTF	0.000558886705826063
CASSTGQGLYGYTF	0.00055277865439627
CASSYSDSNQPQHF	0.0005446345858232126
CASSGLAEAYEQYF	0.0005415805601083161
CASSWRGPYGYTF	0.0005344545001068909
CASSLGQVSNQPQHF	0.0005283464486770978
CASSASGSASYEQYF	0.0005263104315338335
CASTIGGGFNQPQHF	0.0005212203886756727
CASSRTVDYGYTF	0.0005161303458175117
CAWNPGLAGNTIYF	0.0005161303458175117
CSDTGSEQYF	0.0005079862772444544
CASSLRDSGYGYTF	0.0005069682686728223
CASSLPTRQGYLSYTF	0.0004978061915281327
CASSIHNRGSEQYF	0.0004957701743848683
CASSLRQALDGYTF	0.0004957701743848683
CASSLPVGRGGYSPLHF	0.0004957701743848683
CASQIGTGISPLHF	0.0004947521658132362
CASLGEAGAYEQYF	0.000493734157241604
