TCR	Abundance
CATRGSTEAFF	0.039220113091924906
CASSEEGGRTTGKLFF	0.03100196116171521
CASSRDRGRNEQFF	0.017933445350174007
CASSSLSGRSTGELFF	0.013784313827490598
CASSISDTSYEQYF	0.010873263175417333
CASSEALSGSAFGETQYF	0.0057128588743868116
CASSLEQGARATEAFF	0.004954404290626479
CASSLGTGSTGNGYTF	0.002940181966675857
CASSLGPIGSGELFF	0.0015824546253764963
CASTTRGLAGDEQYF	0.001408707141853896
CASRSGSTNEKLFF	0.0013899798681808015
CASSEATGRDYGYTF	0.0013473233003698636
CASSLTGEGYTF	0.0013400404717192158
CASRLGGDSPLHF	0.0011943838987062574
CASTRDTKRYSGNTIYF	0.0010747374280170418
CASSEASRTGLYEQYF	0.0010414444970426513
CASSLNLDIQYF	0.0010091919701612107
CASSIDRGGLLGKLFF	0.0009863030801163172
CASSDLAIETYEQYF	0.0009842222719304177
CASRSDRVDGYTF	0.0009727778269079711
CASSSSMNTEAFF	0.0009197172181675362
CAWGGKGYGYTF	0.0009051515608662405
CASGSTSADKIYEQYF	0.0008864242871931458
CASSPRQGFSYEQYF	0.0008489697398469566
CASSTGTSGSGYF	0.0008198384252443649
CASGSREGDGELFF	0.0007782222615263768
CASRRIQGNTEAFF	0.0007719798369686786
CASSGSTEAFF	0.0007667778165039302
CASSLRLSREGTYNEQFF	0.0007449293305519864
CASTSFRGYTF	0.0007199596323211935
CSARTGGWANEKLFF	0.0007053939750198977
CASKLALGHMSTEAFF	0.0006897879136256522
CASSSVGSGNTIYF	0.0006783434686032055
CASSLKLGGSYNSPLHF	0.0006752222563243563
CASSLEQGARSDTQYF	0.0006710606399525575
CASSPRYPGQSITPLHF	0.0006689798317666581
CSARLQGAQSPLHF	0.0006616970031160102
CASSRQENYGYTF	0.0006575353867442114
CASHRAATNEKLFF	0.000655454578558312
CASSVAGRGGREETQYF	0.000652333366279463
CASSLSPGPTEAFF	0.0006502525580935636
CASSPTQGQPQHF	0.0006304848803275192
CASSPRGPSNQPQHF	0.0006294444762345695
CASTRVGHQNTEAFF	0.000616959627119173
CASSEWGGSYGYTF	0.0006148788189332736
CSASDGGSTDTQYF	0.0005878283125165814
CASSTRTGGDQPQHF	0.0005867879084236317
CASSDEGWEAFF	0.000585747504330682
CASRPDRSNYGYTF	0.0005815858879588832
CASRFAAGNYGYTF	0.000575343463401185
CASSPAGVGEVWYGYTF	0.0005680606347505371
CASTLGPAAYGYTF	0.000554535381542191
CASSFLALGTYEQYF	0.0005524545733562916
CASSRQGRQPQHF	0.0005420505324267946
CASSTSGTANTGELFF	0.0005410101283338448
CASSEGGANEKLFF	0.0005326868955902472
CASGLNSPLHF	0.0005306060874043478
CASSELFAGDTGELFF	0.0005222828546607503
CASSSTGLVGMNTEAFF	0.0005202020464748509
CASGVTGEQFF	0.0005108384096383035
CASTWGTGGYEQYF	0.0005108384096383035
CASSKDRQYGYTF	0.0004973131564299574
CAWDKTWAARTF	0.0004889899236863598
CASSEGALYTGGGTEAFF	0.0004827474991286616
CASSEELEVSPLHF	0.00047754547866391304
CASGDSGEQYF	0.00047650507457096334
CASSTGLSGRASYEQYF	0.00047546467047801364
CASSITGTWSPLHF	0.00047546467047801364
CSVSGRSSYEQYF	0.00047130305410621485
CASSYTSLNSLASGSTDTQYF	0.00046506062954851667
CASSLDLAGELFF	0.0004629798213626172
CASKKSGTSGTYNEQFF	0.0004608990131767178
CASNHLVRAGEGYTF	0.0004608990131767178
CASTYQAGYEQYF	0.0004598586090837681
CASRVSQGNQPQHF	0.00045673739680491903
CASSISQGDAGYTF	0.00045049497224722084
CASSLSGQGAWGYGYTF	0.00044945456815427114
CASSSGQGRGYTF	0.0004411313354106735
CASSGGTYGYTF	0.0004400909313177238
CSARDRTGERHEQYF	0.0004369697190388747
CASSPNRVLRNQPQHF	0.00043384850676002557
CASSGYGYTF	0.0004317676985741262
CATTGDPNYGYTF	0.0004307272944811765
CASSLEGPEAFF	0.000425525274016428
CASRDSSPREQYF	0.0004224040617375789
CASSDSNLGYTF	0.0004224040617375789
CATSRDQGVGNQPQHF	0.0004224040617375789
CASSLYPRQMNTEAFF	0.00041616163717988065
CASSHRSRGYGYTF	0.00041616163717988065
CAWSRAGSYSPLHF	0.00041616163717988065
CASSYGTGVYEQYF	0.00041200002080808186
CASSGPGLDRGGGNTIYF	0.00040887880852923277
CASSIAAESYGYTF	0.00040783840443628307
CASSLSGVDTEAFF	0.00040575759625038367
CASRGSYEQYF	0.0004047171921574339
CASTGSGEQYF	0.00040055557578563513
CASIGGGGNTEAFF	0.00039431315122793694
CSVERVGDGYTF	0.00039223234304203755
CASTQGQMNTEAFF	0.00039223234304203755
CASRNSYEQYF	0.00039223234304203755
