TCR	Abundance
CAISETAVDVNYGYTF	0.11437938851898617
CASSWAWGGEQFF	0.03474681199199336
CASSLLVHTGELFF	0.03213883617931033
CASSTRLAGGTNEQFF	0.020999564146508016
CASSPQEPLSEKLFF	0.014802686980637693
CASSYANTGELFF	0.01364007075729289
CASSLRDSTDTQYF	0.0043064774769901
CASSFGFEQYF	0.004108455047377377
CATSDFRDTGELFF	0.0032030638356944615
CASSLLGRGLKDGYTF	0.0021935577383388775
CASSSRIAGGVYEQYF	0.002138438092982759
CASSFGLGTDTQYF	0.002065965966681195
CASSYSGGSGQPQHF	0.002050654954082273
CASSPDREGTGELFF	0.0016392990822579048
CASSLTSGSTYEQYF	0.0015994904495007078
CASSLSGQGSQPQHF	0.001366763057997095
CASSHLAFSTLYNEQFF	0.0013443069061853429
CASSEQGDSYNSPLHF	0.0010176719707416756
CASSEAGTGGNTIYF	0.000994195084756662
CASSYDVRTDSGNTIYF	0.0009492827811331578
CASSLGTGNYGYTF	0.0009033497433363921
CASSVPPFGEQYF	0.0009002875408166078
CASSEAPLDGGGELFF	0.0008237324778219982
CASSEASGGFYNEQFF	0.000778820174198494
CATSDFQDTGELFF	0.0007379908072680356
CASSQDRRDGGTYEQYF	0.0007298249338819439
CASSYSREPLYEQYF	0.0006736845543525637
CASSFDNTDTQYF	0.0006644979467932105
CASSELETAAIYF	0.0006604150101001647
CASSWTGGYGYTF	0.0006440832633279813
CASSSKENTEAFF	0.0006165234406499218
CASSPFWGAGGYNEQFF	0.000587942883798601
CASSEYRGLQNTEAFF	0.0005869221496253395
CASSAGGGHTDTQYF	0.000585901415452078
CASSLAGGGFLNANYGYTF	0.0005644659978135874
CASSLGGGSYNEQFF	0.0005573208586007572
CSAREGLADTGELFF	0.0005563001244274957
CAWSVVSGSEQYF	0.0005511964535611884
CASSLEGPGAGRVEAFF	0.0005511964535611884
CASSLTGNQGEKLFF	0.0005409891118285738
CASSPGTSGIDEQYF	0.0005379269093087895
CASIGVAGSTDTQYF	0.0005348647067890051
CASSDSGTSNTGELFF	0.0005318025042692207
CASSEGEEYGYTF	0.0004981182765515925
CASSESVSGANVLTF	0.00047872432725962476
CASSEGMVHEQYF	0.0004511645045815653
CASSLQETVYSNQPQHF	0.0004338120236361205
CSAREGPMVDEQYF	0.000421563213556983
CASSAGGAEQYF	0.0004144180743441528
CASSDGTGGNSDEQYF	0.00041237660599762984
CASSSQPYEQYF	0.00040931440347784546
CASSPEEGGGETQYF	0.00040829366930458403
CASSENRAVNQPQHF	0.0004011485300917538
CSAKTGQGRNEQYF	0.0003980863275719694
CSATGITDTQYF	0.00038889972001261627
CAWAWTGDLYGYTF	0.0003817545807997861
CSAISPGGRAYEQYF	0.00037256797324043293
CSAREGFGNYGYTF	0.00037154723906717145
CASSPWASGNNEQFF	0.00037154723906717145
CSAWTGNTEAFF	0.0003654228340276027
CASSEGTSGAYEQYF	0.0003623606315078183
CASSLGGGTEAFF	0.00035827769481477245
CASSEGPSGVTYEQYF	0.0003552154922949881
CASRPNLGTKNEQYF	0.0003480703530821579
CASSPWGETQYF	0.000346028884735635
CASSEGTGGSYEQYF	0.00033582154300302035
CASSTSGDHIYEQYF	0.00033071787213671307
CASSAAGADTGELFF	0.0003245934670971443
CASSEESGRGDTGELFF	0.00031744832788431406
CATSPWGENQPQHF	0.00031030318867148387
CASSHSGQGADPYNEQFF	0.00031030318867148387
CSAREREYEQYF	0.0003072409861516995
CASSESQGSQAEQFF	0.000306220251978438
CASSLQRSHQPQHF	0.00030315804945865363
CASSLIIGEQYF	0.00029805437859234635
CASSYSDNTEAFF	0.0002960129102458234
CASSLPPYEQYF	0.0002878470368597317
CASSYSGRFPDTQYF	0.0002858055685132088
CASSERSLAAGELFF	0.00028172263182016296
CASRDTDLWNNSPLHF	0.00027968116347364006
CASSPLGYRGRGYGYTF	0.0002735567584340713
CAWSVNYGYTF	0.0002725360242608098
CASSPRWGQTTGELFF	0.0002725360242608098
CASSPPGQGNNSPLHF	0.0002715152900875484
CASSPPGQGNSPLHF	0.00026947382174102543
CSARDGAGYNEQFF	0.000268453087567764
CAWSPDSYGYTF	0.00026641161922124105
CASYLYGYTF	0.0002653908850479796
CASSWTGYTEAFF	0.00026437015087471815
CSARDAGEANEQYF	0.00026232868252819524
CASSDMAGTNEKLFF	0.0002602872141816723
CASSADAPSGRSTDTQYF	0.0002582457458351494
CSGRGLTEAFF	0.0002572250116618879
CSARDYRENQPQHF	0.0002572250116618879
CSARPEGAGDGYTF	0.0002572250116618879
CASRITGQSSMNTEAFF	0.0002572250116618879
CAWSLGEGYTF	0.000255183543315365
CSATGAISNQPQHF	0.0002500798724490577
CSARDPLHNQPQHF	0.0002500798724490577
CASSEALDNSYEQYF	0.00024905913827579624
