TCR	Abundance
CASSLVPGASEGEQYF	0.029477563536839776
CASSLGDLMNTEAFF	0.02321479077660509
CASSYGGAQNYGYTF	0.014007770516694702
CASSLRWRVPYEQYF	0.010094866652914794
CASSSAHYGYTF	0.00955577908255164
CASSPGGGSSYGYTF	0.00656474686276553
CASSPTSAAGELFF	0.006557303839111601
CASSQRDEQYF	0.0064339623042750605
CASSERTGGKSPLHF	0.0037044992014698907
CASGDGLRGYTF	0.003070778901792493
CASSFPDQPQHF	0.0028698172631364052
CASSTTRPRSNQPQHF	0.0024530079385163715
CSADDRVYEQYF	0.0019894138937859257
CASSLDHNSPLHF	0.0018192876388389734
CASSLDPGLAYEQYF	0.0017278447768049863
CASSLNPGSWNAEQYF	0.0015577185218580338
CASSLSGSFVEQYF	0.0015311362945225726
CASSALQGLKTYEQYF	0.0015279464272423171
CASSPGDINTQPQHF	0.001520503403588388
CASRRDQFYEQYF	0.0015151869581212958
CASAEAQYSPLHF	0.0014684022380108837
CATSPEGGLNQPQHF	0.0014269339633675641
CASSSRLAGATDTQYF	0.0013844023996308261
CASTTSSNEQYF	0.0013780226650703152
CASSLAGQNEKLFF	0.0013641999068558755
CATSGRGRSWWTEAFF	0.001323794921305974
CASSLGVRGEDGYTF	0.0013152886085586266
CASSIYPPGTNTGELFF	0.0012844532248494915
CASGLERGRLNTIYF	0.0012291621919917318
CASSTGRLNYGYTF	0.0012110862774036182
CASSITGAAEAFF	0.0012047065428431075
CASSYGPGHGELFF	0.0012025799646562705
CASSLESVTANTEAFF	0.0011866306282549938
CASSFFWRFDSYNEQFF	0.001184504050068157
CASREDDRGSGELFF	0.001161111690012951
CASSLGADTYEQYF	0.0011494155099853478
CASRTGTSDHEQYF	0.0010781751407263115
CASSDGGFYEQYF	0.0010728586952592192
CASSRRINQPQHF	0.0010664789606987086
CASSIRGVSRTEAFF	0.0010239473969619703
CSAYGTLDEAFF	0.0009963018805330907
CASSYSFDEQFF	0.0009931120132528352
CASSLIAGVTGNTIYF	0.0009771626768515585
CASSEIRDRYTTNEKLFF	0.0009612133404502816
CASSLISGADEQYF	0.0009537703167963524
CSATSDRSPGGTEAFF	0.0009261248003674727
CASRNTGELFF	0.0009176184876201251
CSARDRRRGYEQYF	0.0009059223075925221
CASSVTISSYEQYF	0.0009037957294056851
CASSSDTSYGYTF	0.0008655173220426209
CSVMRDFTSDEQYF	0.0008038465546243506
CASSLIGFGQPQHF	0.0007793909054757262
CASSYYPGRGLEQYF	0.0007708845927283785
CASSLLGGLPQNTEAFF	0.0007538719672336833
CASSYSGSLYEQYF	0.0007432390762994988
CASSYSAGNQPQHF	0.0007240998726179666
CASTPGTDHSGANVLTF	0.0006975176452825053
CASKDTSSYNSPLHF	0.0006943277780022499
CASRGDRRREKLFF	0.0006879480434417392
CASSLGQGARGEQYF	0.0006560493706391856
CASRPSGGSYEQYF	0.0006549860815457672
CASSEAQDRFGGYTF	0.000647543057891838
CASSEGPGEDYEQYF	0.0006401000342379088
CAISEELADRQYF	0.0006337202996773981
CASSWGTAGEQFF	0.0006337202996773981
CASAPHTGWREPQHF	0.0006209608305563766
CASSLAPAGGSYEQYF	0.0006092646505287736
CASSEGASGYEQYF	0.0005858722904735677
CATSDSTGRDGYTF	0.0005837457122867308
CAWETGSGANVLTF	0.0005837457122867308
CASSQEGGRLNTEAFF	0.0005826824231933124
CASSLTGSGNTIYF	0.0005752393995393832
CASSPISYSGRVEETQYF	0.000567796375885454
CASSAPGGANTGELFF	0.0005465305940170849
CASSYSIRDLDYDEQFF	0.0005401508594565743
CASSFSWEMGLNEQFF	0.0005327078358026451
CASSLTQREGGELFF	0.0005305812576158082
CASSLYRGSSYNEQFF	0.0005263281012421343
CASSLAGRGSNNEQFF	0.0005210116557750421
CASSFVGLGDPFVYEQYF	0.0005199483666816237
CSVVIGNTYEQYF	0.000511442053934276
CASSSDRGGTQYF	0.000511442053934276
CSARGPGNSNQPQHF	0.0005061256084671837
CASSQDRGQGTHEQYF	0.0005029357411869284
CASSLRTSGLAYEQYF	0.0004997458739066729
CASSEGQTYNSPLHF	0.0004986825848132545
CASSGPGLWYGYTF	0.0004944294284395807
CSVDKSGTLNMNTEAFF	0.0004944294284395807
CASWSVVGDEQFF	0.0004944294284395807
CASRNGLVEYEQYF	0.0004795433811317224
CAWSGKGLAGAGGELFF	0.00047316364657121163
CASVQTNYGYTF	0.0004721003574777932
CASSLGGHRLGYTF	0.00045934088835677175
CASGSGRGSYEQYF	0.0004497712865160057
CASKGREKFRSNQPQHF	0.0004497712865160057
CSAAPYGQGIGYEQYF	0.0004476447083291688
CASFDLSSYNEQFF	0.0004465814192357503
CASSGGTIQPQHF	0.0004444548410489134
CSATPMGLPRGYEQYF	0.0004444548410489134
CAISERGGRFGAFF	0.00044126497376865807
