TCR	Abundance
CASSLVGPNGEKLFF	0.02790064290870025
CASERGRRRWRDTEAFF	0.02412900978631259
CATVAGIPVWGYTF	0.014851526698336495
CSALPLREGFYEQYF	0.012278003457942357
CASSPGTGDQETQYF	0.011257197052355934
CASSGQVFSRTYEQYF	0.009338332801772615
CASSFPTGSNTEAFF	0.009254402162053279
CASSPDTTNYGYTF	0.006418595672536216
CASTGAVSSYEQYF	0.005475425108690178
CSGTDHNSPLHF	0.005431361522837527
CASSQDVRRWEQYF	0.005236222785490071
CASSLDRGFNEQYF	0.005109277692914575
CASKTDRGLHPPLYEQYF	0.003595378778977053
CASSQGLRGNTIYF	0.0035880348480016116
CASSQVDPKGGYTF	0.0033079163379383276
CSVEEGSSYEQYF	0.0029333758581907912
CASSGTSREQYF	0.0028263642925486377
CASSRGQGGYQPQHF	0.002703615731959109
CASSLSRTQPQHF	0.002591358501334497
CAWKFRTNSYEQYF	0.0023846793010256326
CATQLGNTEAFF	0.0022105232236080104
CASTPWGGTDTGELFF	0.0020143353532640624
CASSPGQRGIQYF	0.0019020781226394507
CASSLSGRAAGELFF	0.0018433266748359156
CASSLHYYTEAFF	0.0018233931479025734
CASSQGRWYEQYF	0.001751002971144646
CASSYSISSGLSYGYTF	0.0016649740654323267
CASSPQSNTYEQYF	0.0014761301260638208
CASSPWDGMNTEAFF	0.0014698353280848708
CASSQDFRVNDYTF	0.0014352139392006446
CASSYRTGNEQYF	0.0013817081563795679
CASINLPSEQYF	0.0013628237624427172
CASSLSGTGFYEQYF	0.0013397428365199
CAISDRDTDTGELFF	0.0013282023735584913
CASSGGVNFNYGYTF	0.0013061705806321656
CAWLSWAGEPEAFF	0.001227485605895288
CAWSGVNSNQPQHF	0.0012253873399023047
CASSFRGTHEQYF	0.0012232890739093214
CASSWGQGTEAFF	0.0012148960099373877
CASSVEWGRRGNEQYF	0.001137260168197002
CSAKGLTYEQYF	0.0010900491833548756
CSATPTSVGTGELFF	0.0010743121884075001
CASSLRTGVTGELFF	0.001045985597502224
CASSLGQSLFF	0.0010155607406039649
CASSPGVASNQPQHF	0.0010124133416144897
CASSYSGDDEQYF	0.0009851358837057057
CASSVSGRFAYEQYF	0.0009326792338811207
CASSQEGNSYEQYF	0.0008812717170530274
CASSLGPSTYEQYF	0.0008571416581337183
CASSQDPRVAHGYTF	0.0008414046631863428
CAWSGGGDQPQHF	0.0008330115992144092
CASSQEGAGPNEQYF	0.0008120289392845753
CASSNRDSGTYNEQFF	0.0008078324072986084
CSVRDTGGYTF	0.0008046850083091333
CASSSPWTASGNTIYF	0.000781604082386316
CASSADRGAANTGELFF	0.0007805549493898243
CASSLEAGPYEQYF	0.0007784566833968408
CSAERASSYNSPLHF	0.0007658670874389405
CAWSGGMARNSYEQYF	0.0007627196884494653
CASSFYGIESYEQYF	0.0007427861615161231
CASSDSGETSPLHF	0.0007364913635371728
CASSLMDRNTEAFF	0.0007239017675792725
CASSPTHDGSYEQYF	0.0007071156396354053
CASSPGGAWGEQYF	0.0006955751766739966
CAWTLRAGGNSPLHF	0.000652560723817837
CASSNRGYYEQYF	0.0006515115908213452
CASSLPSGRASGEQYF	0.0006441676598459034
CASSFGSEAFF	0.000631578063888003
CASSPRESTNRPQHF	0.000624234132912561
CAWTPDRASSYEQYF	0.0006200376009265942
CASSYVMGDENTGELFF	0.0006053497389757105
CASSPGGVYEQYF	0.0006011532069897437
CASSRVQGGSPLHF	0.0005948584090107935
CASSLDYRGLAFF	0.000589612744028335
CAWTGDQNTEAFF	0.0005875144780353516
CAWSASSTGGVGAFF	0.0005864653450388599
CASSPEFGTDLWGYTF	0.0005822688130528931
CASSQDDRRRYF	0.0005738757490809595
CAWSRGWGRNVRNTIYF	0.0005728266160844678
CASSPPSASGNTIYF	0.0005696792170949927
CASSFSGTMNTEAFF	0.0005696792170949927
CAWSVPAPPNSPLHF	0.0005696792170949927
CAWTLGGQGNSPLHF	0.0005623352861195508
CASSHLPGQASESPLHF	0.0005560404881406006
CASSPWRGDTEAFF	0.0005560404881406006
CASSSGTVVGVTEAFF	0.0005549913551441089
CASSPRGAGDPTGELFF	0.0005392543601967334
CASSGTESYEQYF	0.0005340086952142749
CASSQVPSQGTGANVLTF	0.0005319104292212916
CAWSRRDGAEAFF	0.0005308612962247998
CASSDDRGGDGHFSYEQYF	0.0005287630302318164
CASSPTGDAEAFF	0.0005256156312423413
CSARVLGSGNTIYF	0.0005182717002668994
CASSQVFLSGGYTF	0.0005119769022879492
CAWSSLGVSNEKLFF	0.0005119769022879492
CAYAGNGELFF	0.0005077803703019824
CASSLTGEYTEAFF	0.0005046329713125074
CASSPRPGTSGSYEQYF	0.0005035838383160156
CASSPRAGTLSGNTIYF	0.0005014855723230323
CAWTRQGFNEKLFF	0.0005004364393265406
