TCR	Abundance
CASSSYSGYGNTIYF	0.014549138763149928
CASSCHRGSPHYEQYF	0.010624928013666447
CASSPPGQYF	0.006966748174732364
CASKGLEAFF	0.006593693334651597
CASSHGGLAGAYEQYF	0.004093410485694978
CASGQGWPYEQYF	0.0037122014414594394
CASSEPGQAGTEAFF	0.003237219049444036
CSAPRGQQETQYF	0.003040498874210189
CAWSTDGGNTIYF	0.0028570292807278443
CASSEGLAGAGEQYF	0.0026817138914002705
CASSFPGQGHTEAFF	0.002198577295230096
CASGGGNKYEQYF	0.0021516906213401637
CASSSKQGIEHEQYF	0.0021282472843951977
CASSIGPMGDEQYF	0.002036512487654025
CATRWGGAPYEQYF	0.0018163489754752116
CASSMGQGRNSPLHF	0.0017286912808114248
CASSTTGTSIHEQYF	0.0016685540251699896
CASSLGGGLYEQYF	0.0015798770549868564
CASSERQTGLNTEAFF	0.001459602543703986
CASTVRGPGTEAFF	0.001399465288062551
CASSYSRETQYF	0.0013637906448854284
CSATLGTGGNSPLHF	0.001359713542808043
CASRRGNSPLHF	0.0013454436855371938
CASSMRTGWHPEAFF	0.0012965184606085686
CASIVAGKNTGELFF	0.0012822486033377196
CASSPSGSSYNEQFF	0.0011772632248450447
CASSQTSGGAYEQYF	0.001155858438938771
CASSGSQPGAGASEAFF	0.0011120295916068777
CASSQAGQEYEQYF	0.0011079524895294922
CASSLGQGDEQYF	0.001079412774987794
CASSPRALGDSNTEAFF	0.0010651429177169452
CASSLRNGPGTYEQYF	0.0010539308870041353
CSASGSLPGGNSPLHF	0.0010467959583687107
CASSNQGYEQYF	0.0010437381318106715
CASSSEGQGSYEQYF	0.0010233526214237444
CASSRRQVAFYEQYF	0.001022333345904398
CASTLGRGGGELFF	0.00098258160064989
CASSPSGWSENYGYTF	0.000885750426311986
CASSQSETGGNYEQYF	0.0008368252013833608
CASSFGGIGELFF	0.0008358059258640144
CASSPGTGYSNQPQHF	0.000834786650344668
CASSSGNEQYF	0.0008327480993059754
CASSPLAGPSYEQYF	0.0008276517217092435
CASSTRGLRAFF	0.0008225553441125117
CASSPFGGGSTDTQYF	0.0008205167930738189
CASSYAGVTYEQYF	0.0008194975175544727
CASSQRQGTHNSPLHF	0.000809304762361009
CASSSRIPPGANVLTF	0.0008052276602836236
CASSPVSGTHSYYEQYF	0.0007991120071675455
CASSDNGRGQSNTEAFF	0.0007654759150291156
CASSISGALSYEQYF	0.0007308205473713394
CASSGGADEAFF	0.0007104350369844122
CASSPGQGARTEAFF	0.0006971844552329095
CASNMGDIQYF	0.0006931073531555241
CASSQQGPGLNQPQHF	0.0006818953224427142
CAWSFQTEAFF	0.0006737411182879433
CASSGDFETGELFF	0.0006655869141331724
CSAREGGSETEAFF	0.0006513170568623234
CASSVLPGGGVSPLHF	0.0006492785058236307
CASTTGMGSPLHF	0.0006431628527075525
CSARFEGDTGELFF	0.0006309315464753962
CASSANTGGTEAFF	0.0006268544443980108
CASSPARFTEAFF	0.0006197195157625863
CASSGRTVDPTEAFF	0.0006064689340110836
CASSYCRGPEQSPLHF	0.0006044303829723909
CASSLLTGGNTEAFF	0.0005830255970661174
CAWGRRGTEAFF	0.0005830255970661174
CASSERQLGSGYEQYF	0.0005830255970661174
CASSLGSISYEQYF	0.0005718135663533074
CASKGLAGLTGSYEQYF	0.0005442931273309557
CASSLFIDRFYEQYF	0.000542254576292263
CASSFTGGRTNEQFF	0.0005341003721374921
CATSRAQGGWETQYF	0.0005239076169440285
CATGAWTGVNQETQYF	0.0005157534127892576
CASSAPGTSLYEQYF	0.000513714861750565
CASSFGSWYEQYF	0.0005126955862312186
CASSLEIGAASGQYF	0.0005035221065571013
CSARGDRDYNEQFF	0.0005035221065571013
CASFGSYEQYF	0.0005025028310377549
CASSDGAGHLQEQYF	0.0005004642799990623
CASSRSGGSYEQYF	0.0004953679024023305
CASSELAGYEQYF	0.0004933293513636378
CASSLVRGAPGDEQYF	0.0004821173206508278
CASSLRTGDTEAFF	0.00048109804513148146
CASSPGTGAGYGYTF	0.00047396311649605693
CASSDGENTEAFF	0.00047294384097671055
CASSEINQPQHF	0.0004647896368219397
CAWRTPLNVYEQYF	0.0004637703613025933
CASSEDSGRGYEQYF	0.000462751085783247
CASSPGNQPQHF	0.0004617318102639006
CASSPSNSPLHF	0.0004556161571478225
CASSPGTVNTGELFF	0.0004545968816284761
CASRSGLQGWQYF	0.0004525583305897834
CASRQDLRVVEQYF	0.0004505197795510907
CASSFAGQAGSPLHF	0.0004505197795510907
CASSYSRTWDNEQFF	0.00044848122851239795
CASSPTNRPSNEKLFF	0.00044440412643501255
CASSLAWSPRSYEQYF	0.00044440412643501255
CASSLSGGYEQYF	0.00044440412643501255
CASSLRDGGSEKLFF	0.0004393077488382807
