TCR	Abundance
CASSSGGEGYEQYF	0.05103722253963338
CASSLLTGKFGELFF	0.05102974706187026
CASSFRGMNTEAFF	0.027184040922901127
CASSYRGNNQPQHF	0.013450520346648584
CASSLLSGPTYEQYF	0.010263830968768522
CASSPGVGYTF	0.009521622819429835
CASLGKALSGNTIYF	0.00719354545891424
CASRTGVAGNQPQHF	0.0067225903598374616
CASSLRRGYQETQYF	0.005815921699710058
CASQEAEVSGYTF	0.004310146893138045
CASSLGTGYTF	0.004297331788401262
CASSYRDRRSYNSPLHF	0.00410190144116532
CASSQYGLAELTDTQYF	0.00404636932063926
CASSVEGVNTIYF	0.003969478692218561
CASSPVGGANVLTF	0.0030702855098542815
CASSLWSATNEKLFF	0.002768062623145147
CSARDALDRESYNSPLHF	0.0026634059344614186
CASSSPGLATDTQYF	0.002485062393541187
CASSLAGNQPQHF	0.002077114892753592
CASSLAGNYGYTF	0.0020568243102536857
CASSIESRSYQPQHF	0.0020343978769643153
CASSQPLQETQYF	0.0018923637994649695
CASSPRDRGRGEKLFF	0.0018603260376230117
CASSLEWGVEEKLFF	0.0016830504220975123
CATQGDSRGYTF	0.0016403334063082352
CASSPRQGNSPLHF	0.001473737044730055
CASKNTAGTGVFNQPQHF	0.0012815104736783088
CATRLAGARNEQFF	0.001211027397626002
CASTSGSGALRGEQFF	0.001211027397626002
CASSPPLGYEQYF	0.0010882159772318306
CSASGGTGDEQFF	0.0010711291709161199
CASSSLETGGVGRNTGELFF	0.001054042364600409
CASSPPGTGSPEQYF	0.0010284121551268428
CASSEWAGDTGELFF	0.0010220046027584512
CSVNPGHQEGGYTF	0.0010017140202585447
CAISVDREGYNGYTF	0.0009451139743377528
CATHEGGYTF	0.0009397743473640931
CASSESAGGVYGYTF	0.0009290950934167739
CASSTTSGSGTGELFF	0.0009216196156536504
CASSGSPGTSYNEQFF	0.0008607478681539307
CASSPTGTTNYGYTF	0.0008554082411802712
CASSPTGGHYEQYF	0.0008554082411802712
CASKEGTEAFF	0.0007817213889437683
CASLPSSGTGVFQETQYF	0.0007763817619701088
CASSDSLDPNYGYTF	0.0007571591048649341
CASSLYTGGSVADTQYF	0.0007390043731544914
CASSSGTSGGNTIYF	0.0007229854922335125
CASSLGPQTPLHF	0.0007219175668387806
CASREGSSYNEQFF	0.0007005590589441421
CASSWTSNQPQHF	0.000688811879602091
CASTSSGYEQYF	0.0006802684764442356
CASTDTRQSSYNEQFF	0.0006770647002600398
CASSLFPTMGYTF	0.0006514344907864736
CASSEHPESSGNTIYF	0.0006279401321023714
CASSAGQGNSPLHF	0.0006258042813129075
CASRSPGQGNYEQYF	0.0006140571019708563
CASGEDYASSYNEQFF	0.0006065816242077328
CSARVETSSYNEQFF	0.0006001740718393413
CASSLVGQGEGQPQHF	0.0005937665194709498
CASSEKNTGELFF	0.0005937665194709498
CAWSASRNPIYF	0.0005916306686814859
CASSPTGAYNEQFF	0.0005820193401288986
CASSELNSEAFF	0.0005510495036816728
CASSYPGNQPQHF	0.0005499815782869409
CASSSDVGGMAEQYF	0.0005457098767080132
CASSFEGTGALMETQYF	0.000535030622760694
CASSLSPGSGYTF	0.000533962697365962
CASSLRVPNQPQHF	0.0005296909957870343
CASSESTTAGNYGYTF	0.0005211475926291789
CASSVAGDHYNEQFF	0.0005211475926291789
CASSYGGVYTEAFF	0.0005083324878923959
CASSLVTSGTDTQYF	0.0005051287117082001
CASSLTGGNSPLHF	0.0004944494577608808
CATRTEPGGNTIYF	0.0004933815323661489
CSARGAQGISPLHF	0.0004848381292082935
CASSQPRQEVLGGYTF	0.00048163435302409774
CASSETAFYQPQHF	0.0004752268006557062
CASSPSGMNEQFF	0.0004752268006557062
CASSYDSAPYEQYF	0.0004752268006557062
CASSYRGPPFNEKLFF	0.0004581399943399954
CAIAPSQDSPLHF	0.0004581399943399954
CASRGSSSGELFF	0.0004570720689452635
CASSPLGREYEQYF	0.00045173244197160384
CASSLGAGEQYF	0.00044959659118214
CASKPRTRVDEQFF	0.00044746074039267615
CAGTKGCNQPQHF	0.00044212111341901655
CASSMGNLQPQHF	0.00044212111341901655
CASVGERNQPQHF	0.0004314418594716973
CASSYSLGLAGKTYEQYF	0.00042930600868223344
CASSVGIYSPLHF	0.00042183053091911
CASSHTTGKDGELFF	0.00040687957539286304
CASSESQGTDGYTF	0.00040687957539286304
CASRITGGDYGYTF	0.00040153994841920343
CAWSVRDRGSGELFF	0.0004004720230244715
CASSSLGTSGIYNEQFF	0.00039726824684027575
CASTASRNTGELFF	0.00039620032144554383
CASSGVEREIVTGELFF	0.00039086069447188417
CASSQEESGKAYGYTF	0.0003876569182876884
CASSQDRTGAYGYTF	0.00038552106749822456
CASSPGGYEQYF	0.0003812493659192969
