TCR	Abundance
CASSEGGSGYEQYF	0.008724868364755394
CASSPRTGGDEQFF	0.008649662743440088
CASWTGRWDYGYTF	0.008342742505099246
CASKTGTVSGANVLTF	0.008262455422884257
CASARYWAGGLEGYTF	0.007772602592154834
CASSYTLGGELFF	0.007698413263019465
CASSFPGQLLRYGYTF	0.006975829523084569
CAWSVSGYEQYF	0.005963602511867752
CASSHRDRNYEQYF	0.005555053055533253
CASSKLGNEQFF	0.0050397929203054165
CASSSTTGGEQYF	0.004610917620372187
CAWGAYEQYF	0.0037196293785678207
CATSRITNTEAFF	0.0036393422963528323
CASSLELDYYEQYF	0.0031901411528208715
CASSEERGDYYEQYF	0.0029523287827157157
CASSQWTGTSYGYTF	0.00288017203794022
CASSLNSGYTEAFF	0.002765331021607388
CASSREPGGNYGYTF	0.0027226467500500525
CASSYTTGGEQYF	0.0018648961501835932
CASTSGGQSANSPLHF	0.0018618472736437834
CASSQTEQGPEQYF	0.001767332100909683
CASSQEPTYNEQFF	0.0017215989528125378
CASSSWTGTLREQYF	0.0015894809694207846
CSARESSGIGTYEQYF	0.0015742365867217362
CASSFQGYTEAFF	0.0013892714099732818
CASRIDGGPSYEQYF	0.0013191472495576587
CASIPGPGELFF	0.001256137134401592
CASSLMTGKDQPQHF	0.001249023089142036
CASRGRTRSGSYEQYF	0.0012083714019445735
CASSMTLTYEQYF	0.001191094434885652
CASGGLGNQPQHF	0.0011707685912869207
CSARDHSGANVLTF	0.0009868197067184027
CASNRGKLTDTQYF	0.0009847871223585295
CASMWKPYYGYTF	0.0009238095915623358
CASSGDAHADEQYF	0.000909581501043224
CSARAGVTDTQYF	0.0009075489166833507
CASSTIQGTDTQYF	0.0009004348714237949
CASSTHSGRETQYF	0.0008902719496244292
CASSQAKNIQYF	0.0008577505998664592
CASSQSGGRGYTF	0.0008475876780670936
CATSIRGEGREKLFF	0.0008059196986896945
CASSRFGTGANTGELFF	0.0007967730690702654
CASSAGGSGYEQYF	0.0007967730690702654
CASSLGDNTEAFF	0.0007500236287931835
CRPLGSTTEAFF	0.000741893291353691
CASSLLPTSGPYEQYF	0.0007398607069938179
CASSRAGTGNSPLHF	0.0007357955382740716
CASSRGSGNTEAFF	0.0007205511555750232
CASSLENGGQYGYTF	0.0007103882337756575
CASSDYGGANTGELFF	0.0006565247482390197
CSAGGNTEAFF	0.0006544921638791466
CASSYLEQYF	0.0006524595795192735
CASAVDTLNSPLHF	0.0006514432873393369
CASSQGGGQPQHF	0.0006504269951594004
CASSAPGQGAYEQYF	0.000637215196820225
CASRRDRVDTGELFF	0.0006311174437406056
CASSLAQSHTDGYTF	0.0006250196906609863
CSASMQAGSYGYTF	0.0006240033984810497
CASSFGQGFYGYTF	0.0006229871063011132
CATSRSRTGGVNTIYF	0.0006209545219412401
CATGRAANTEAFF	0.0006036775548823184
CASLTGTGNTIYF	0.0005864005878233969
CASSYLLLTGSNQPQHF	0.0005833517112835872
CASSFGSGGIQFF	0.0005691236207644754
CASSLDVGFNNEQFF	0.0005691236207644754
CASSSGQGIRYEQYF	0.000565058452044729
CASNPTGSNQPQHF	0.0005538792380654268
CASSETRLARTTYEQYF	0.0005498140693456806
CASSSSLWGHEQYF	0.000541683731906188
CASSRDKAGVYGYTF	0.0005396511475463149
CASSIRSSYEQYF	0.0005284719335670127
CASSLTGLNQPQHF	0.0005244067648472665
CASSLGWKRGDTQYF	0.0005142438430479009
CASRDSLYSNQPQHF	0.0004929017072692331
CASRADRAWNSPLHF	0.0004929017072692331
CASSSGTVLEQYF	0.0004898528307294233
CASSRHRGWGEQYF	0.0004776573245701846
CASSRGPSYEQYF	0.0004624129418711362
CATSRDRAGPGYTF	0.0004583477731513899
CASSLNRWDRDLSTEAFF	0.0004583477731513899
CSANDQGATEAFF	0.0004542826044316437
CASSQGSSYNSPLHF	0.0004532663122517071
CASSISSGSYEQYF	0.00045021743571189743
CASITRAYGYTF	0.0004471685591720877
CASSFEGVPGQPQHF	0.0004400545139125318
CASTLAGTYEQYF	0.0004390382217325952
CSAKVRGYYNEQFF	0.0004390382217325952
CASSLVAVETTQYF	0.000434973053012849
CASSWGDPGNTIYF	0.000434973053012849
CASGDRGQSEQYF	0.00043294046865297584
CASSDGGATDTQYF	0.0004258264233934199
CASSQGNNSPLHF	0.00042481013121348335
CASSIRVNQPQHF	0.0004207449624937371
CASSKGTGFYYGYTF	0.0004156635015940543
CATSRDPGGSTDTQYF	0.0004105820406943715
CASSLSGQGYGYTF	0.00040854945633449837
CASSVGDLSYEQYF	0.00040854945633449837
CASSITGTQADKEQYF	0.00040753316415456176
CASSLGQNNEQFF	0.0004065168719746252
CASRSTTGTYGYTF	0.0004004191188950058
