TCR	Abundance
CASTPLGQGADQPQHF	0.005900182060435928
CASSESRGRTDTQYF	0.005522838922283587
CASGQGAIYEQYF	0.0017900914370569268
CSVITGVSVYEQYF	0.0017697494889085527
CASSSGLDEQYF	0.0016578687740924948
CASRGGEGIIQPQHF	0.001293747902236597
CSVRDVAEAFF	0.0011249097326050915
CASSSRGLGGNTIYF	0.0010130290177890336
CASSLALRGLAGGVARTDTQYF	0.0009713280240848666
CASSTGTSGSDEQFF	0.0009530202707513298
CASALGPSGIETQYF	0.000819780510379479
CASSLGLAWNEQFF	0.0008146950233423855
CASSYGTVNSPLHF	0.0008136779259349668
CASTAISPYEQYF	0.0008035069518607797
CASSAEGRDTSGSLNTQYF	0.0008035069518607797
CASSLGDRGNTDTQYF	0.0007750282244530558
CASSEPPGQGRSPLHF	0.0007658743477862874
CASSPKGLAGSGELFF	0.0007587546659343565
CASSYSERYEQYF	0.0007241733540821204
CASSGSSGTDTYEQYF	0.0006916262370447217
CASSPGESYEQYF	0.000617378126303156
CASSLSGGGNTGELFF	0.0006112755418586438
CASSDQGHTEAFF	0.000600087470377038
CASNRGQGPNYGYTF	0.0005858481066731761
CASSVGWGSENEQYF	0.0005858481066731761
CASSELAGGSYEQYF	0.00058279681445092
CASSPGLAGDQETQYF	0.0005817797170435012
CASSYKRASEQYF	0.0005766942300064077
CASSLQGYSPLHF	0.0005614377688951271
CASSYSKDRVIDNEQFF	0.0005614377688951271
CASSSSGGKGNTIYF	0.0005614377688951271
CASGPDNEQFF	0.0005594035740802897
CASSLTTSGHTGELFF	0.0005594035740802897
CASSSYDTTYEQYF	0.0005431300155615904
CASSEESSGSYEQYF	0.0005360103337096594
CSVELRDSYEQYF	0.000533976138894822
CASSESTGDPFYGYTF	0.0005288906518577285
CASSPHRDPYGYTF	0.0004922751451906549
CATRDRTSNQPQHF	0.0004892238529683988
CASSSAGSIGEQPQHF	0.0004790528788942117
CASSQGYTGELFF	0.0004760015866719556
CASSDSTGGGYTF	0.0004678648074126059
CASSLTMGEQYF	0.0004658306125977685
CASSLRITYEQYF	0.000453625443708744
CASSTDSYEQYF	0.00045159124889390656
CASSSRWRSGNTIYF	0.00044243737222713817
CASRPRGLNYGYTF	0.0004414202748197195
CASSPPGQGNYGYTF	0.00043836898259746337
CASSLLAGTYEQYF	0.00043633478778262594
CASSPLGLAKTYEQYF	0.00043531769037520726
CASSRRNPGTGYYEQYF	0.0004312493007455324
CASSFATGGYEQYF	0.0004312493007455324
CASKAGQGMTYGYTF	0.00042718091111585755
CASSFRDRAYEQYF	0.00042616381370843886
CASSYPPVYEQYF	0.00042616381370843886
CASSLMGAGGYEQYF	0.0004251467163010201
CASCEAGQGLNEQYF	0.00042412961889360144
CASSQTDEQYF	0.000422095424078764
CASSLWTGNYEQYF	0.0004210783266713453
CASTWGGGTYEQYF	0.0004200612292639266
CASSLQGYAYEQYF	0.0004190441318565079
CASSRGQGGQPQHF	0.0004180270344490892
CASSPLPVGNTIYF	0.00041395864481941436
CASSLKGLNYEQYF	0.00041192445000457693
CASTPGRASNQPQHF	0.00041090735259715825
CASRVQEGSYGYTF	0.00041090735259715825
CASSLEGTYEQYF	0.0004088731577823208
CASSYSYRETYEQYF	0.0004088731577823208
CASSQGSLAAQYF	0.00040480476815264597
CASSSGTGYDEQYF	0.0004037876707452273
CASSLWGQPQHF	0.00040277057333780854
CASGPGNYGYTF	0.00040277057333780854
CASSYSESGSGSPLHF	0.00040175347593038985
CASSITVRVTNYGYTF	0.00040073637852297117
CASSFMAGGAYEQYF	0.0003997192811155524
CASLVSYNSPLHF	0.0003956508914858776
CASSSIRTGQGTYEQYF	0.0003936166966710402
CASSLNGLPYEQYF	0.00039259959926362146
CASSFLYQSNQPQHF	0.0003915825018562028
CASSPHSGSNYEQYF	0.0003915825018562028
CASSYGTTNQPQHF	0.0003915825018562028
CASNIKEHSPLHF	0.0003875141122265279
CASSTQGSAYEQYF	0.0003875141122265279
CATSEGQPNYGYTF	0.0003854799174116905
CASSLSRNSYEQYF	0.0003834457225968531
CASSQAYEQYF	0.0003834457225968531
CASSFGYGYEQYF	0.0003834457225968531
CASSTGTGTYGYTF	0.0003824286251894344
CASSPRTGRYNSPLHF	0.0003824286251894344
CASSQEGVNWEETQYF	0.0003814115277820157
CASGWEGKTNEQYF	0.00038039443037459695
CASRGLGHGAYEQYF	0.00038039443037459695
CASSYPGHNSPLHF	0.00038039443037459695
CASSFGAGYGYTF	0.00038039443037459695
CASRSGTRTYEQYF	0.00038039443037459695
CASSRNTIYF	0.00037937733296717827
CASSSETYEQYF	0.0003783602355597596
CASSEGTGDTYEQYF	0.0003783602355597596
CASSQGPVISYEQYF	0.00037734313815234084
CASSFGGQNYGYTF	0.00037734313815234084
