TCR	Abundance
CASSTAGWDEKLFF	0.0011657377875868
CASSLRGNSNQPQHF	0.0008972251511202217
CASSAGTGNYGYTF	0.000595967071182045
CASSEGPLSNQPQHF	0.0005108289181560386
CSAHAGNTEAFF	0.0004715343859901895
CASSISVNTEAFF	0.0004649852972958813
CASSQAKGGEQFF	0.0004453380312129568
CSAPGQEGYEQYF	0.0004125925877414158
CASRGQTHVIREAFF	0.0003929453216584912
CASQQDHSGNTIYF	0.0003929453216584912
CSARELGAGESNQPQHF	0.0003929453216584912
CASSPGGASNQPQHF	0.00037329805557556665
CASRAGQTGNTIYF	0.0003601998781869503
CASSAGTYYEQYF	0.0003536507894926421
CASSAQGLGNQPQHF	0.0003471017007983339
CASSVDTGGAMNTEAFF	0.0003340035234097175
CASKGLKNTEAFF	0.00032745443471540937
CATTDRTSTGELFF	0.00032745443471540937
CASSPRSVHSYEQYF	0.0003209053460211012
CSATGTGGYTF	0.0003012580799381766
CASSSRGSQTAHF	0.0003012580799381766
CASSLTGSGNQPQHF	0.0003012580799381766
CASSAYEAFF	0.0002947089912438684
CASRAAGTGVNQPQHF	0.000281610813855252
CASSDRGSGGYTF	0.000281610813855252
CAWSVRRAQGTVRYEQYF	0.000281610813855252
CASSQDYSHGYTF	0.0002750617251609439
CASSKDHSGANVLTF	0.0002685126364666357
CASSLDSGRSNSPLHF	0.0002619635477723275
CASSLFPGKASGNTIYF	0.0002619635477723275
CASRLAGDTQYF	0.0002619635477723275
CASSGSGGSQPQHF	0.0002554144590780193
CASSPPNGGKTEAFF	0.0002554144590780193
CASSKDGTYEQYF	0.0002488653703837111
CASSLETGELFF	0.0002488653703837111
CASSLSGGKMHEQYF	0.0002488653703837111
CASSLGRAGKLFF	0.0002488653703837111
CASSFQERNSPLHF	0.0002488653703837111
CASSAGGELVEQYF	0.0002423162816894029
CASSLWKGWDEKLFF	0.0002423162816894029
CASSYGRGGSPLHF	0.00023576719299509477
CASSTKREGAGELFF	0.00023576719299509477
CASSSTSGRNWETQYF	0.00023576719299509477
CASSGAGDRGQHGYTF	0.00023576719299509477
CASREPGQGGDGYTF	0.0002292181043007865
CASRRTGGLSEAFF	0.0002292181043007865
CASCNLAGGRNEQFF	0.0002292181043007865
CASSQDLPPEELFF	0.0002226690156064784
CASSFSQGNGYTF	0.0002226690156064784
CASSPSRGNTEAFF	0.0002226690156064784
CASSLKGTNEKLFF	0.0002226690156064784
CASSPDGGEAGGIEDEQYF	0.00021611992691217017
CASSLSQPQHF	0.00021611992691217017
CASSLPGSANQPQHF	0.00021611992691217017
CASSPRGGTEAFF	0.00021611992691217017
CASSPGGAASTDTQYF	0.00021611992691217017
CASTQSSYNSPLHF	0.00021611992691217017
CASSLWGPGTAGELFF	0.000209570838217862
CSARGAPGTVHGYTF	0.000209570838217862
CASSPGQGGFHF	0.0002030217495235538
CASGGVYTAEQYF	0.0002030217495235538
CASSLLSGAFF	0.0002030217495235538
CASSFGTSRNTEAFF	0.0001964726608292456
CASSFTGYGYTF	0.0001964726608292456
CASSNQDSYGYTF	0.0001964726608292456
CASSIGVPSGNQPQHF	0.0001964726608292456
CASGRQGDQPQHF	0.0001964726608292456
CASSSGQGARQYF	0.0001964726608292456
CASSPGTGNVEQYF	0.0001964726608292456
CASSYRGTGKIRNEQFF	0.0001964726608292456
CASSPPWGASNQPQHF	0.0001964726608292456
CASRTPLRGEPEAFF	0.0001964726608292456
CASSSRDRIPRAEAFF	0.0001964726608292456
CAWSSPPASSPLHF	0.00018992357213493745
CASSTLAGGRNEQFF	0.00018992357213493745
CASSQDRAGGSYGYTF	0.00018992357213493745
CACTGRGQPQHF	0.00018992357213493745
CASSFTGTAYEQYF	0.00018992357213493745
CASSLSYENTIYF	0.00018992357213493745
CASSIGTDSLGNQPQHF	0.00018992357213493745
CASTGLAGGDVHF	0.00018992357213493745
CASSYSNRLAGTYEQYF	0.00018992357213493745
CASRSDAYEQYF	0.00018992357213493745
CSSNDRGSSYNSPLHF	0.00018992357213493745
CSAAVGVPRGNQPQHF	0.00018992357213493745
CSATQGSNQPQHF	0.00018992357213493745
CASRVQGLPGNTIYF	0.00018337448344062923
CSASLSNQPQHF	0.00018337448344062923
CASSKVSGANTGELFF	0.00018337448344062923
CASSAIAETSLEQYF	0.00018337448344062923
CASSRLAGEQYF	0.00018337448344062923
CASSVDRGGLNEKLFF	0.00018337448344062923
CSFRVAGELFF	0.00018337448344062923
CASSQGGFDNEQFF	0.00018337448344062923
CASSPPTGQPQHF	0.00017682539474632103
CSAKGRVPDTQYF	0.00017682539474632103
CASSSSRDRGREDEKLFF	0.00017682539474632103
CASSQEEGTNTEAFF	0.00017682539474632103
CASSFGENQPQHF	0.00017682539474632103
CASSEQQGYNSPLHF	0.00017682539474632103
