TCR	Abundance
CASSTFGTGGNTEAFF	0.0538077985436022
CASSLGGAGDTQYF	0.040226710191197
CASSVAASLRGAEAFF	0.0219105355669548
CASRGLAGGVGTQYF	0.0184022671019119
CASSLVSGEAFF	0.0183950927287728
CASSSEYSGANVLTF	0.0148653011443125
CASSFSARGNNSPLHF	0.0091186282598557
CASSPTSSDRGRRYEQFF	0.0080209491695663
CASSPGQGREKLFF	0.0074541736915736
CASPPPLPGTFGTEAFF	0.0071815475122861
CASSIWGIGELFF	0.0070452344226423
CASSSSLQSINTIYF	0.0058255909889873
CASSSHREWYEQYF	0.005761021630735
CASSLSRDTEAFF	0.0053449079886644
CASSRGQGRDGYTF	0.0049574918391505
CASSYQGATEAFF	0.0029845392258851
CASSEAWNSGANVLTF	0.0027621336585715
CASSANSLNYGYTF	0.0025038562255622
CAWSVRFSNTEAFF	0.0022886250313878
CASSLSGNGNTIYF	0.0020446963446568
CASTQGYSGANVLTF	0.0020375219715177
CAWSTSNDQPQHF	0.0020088244789611
CASSTGRGTYEQYF	0.001858162643039
CASSYDSGGVYEQYF	0.0016285827025863
CASSPAGGSEYGYTF	0.0015496645980557
CSVGTVEKLFF	0.0013559565232987
CAWSGHGGREKLFF	0.0012411665530724
CSARSGLMNTEAFF	0.0011981203142375
CASSRGDSGNSPLHF	0.0010187609857588
CASSYHPSSYNEQFF	0.0010187609857588
CASSIYGTGGNTEAFF	0.0010044122394805
CATSGLGQRGYGYTF	0.0008680991498367831
CAWTTANTEAFF	0.0008465760304193421
CASSILQGLNTEAFF	0.0008250529110019012
CSARPPGIRRPPLHF	0.0008107041647236072
CASSLQGRDSPLHF	0.0007676579258887254
CATSDAPGQEDTEAFF	0.0007676579258887254
CASSPERGGHNEQYF	0.0007676579258887254
CSARPPSSRAPYSGNTIYF	0.0007246116870538436
CASSELTGENTEAFF	0.0006959141944972558
CASSSWTDSENTEAFF	0.0006887398213581089
CSASRRDRGVTDTQYF	0.0006672167019406679
CASSEYTDTQYF	0.0006672167019406679
CASSFPDRGGRFF	0.000660042328801521
CASSLGLAGGTSTDTQYF	0.0006385192093840801
CASSLSGGGGQPQHF	0.000631344836244933
CATGSGTGGNEQFF	0.0006169960899666391
CASSEAPRGRNQPQHF	0.0006169960899666391
CASSLEQGGEQYF	0.0005954729705491983
CASSLRQALNQPQHF	0.0005954729705491983
CASSLGGPLHF	0.0005882985974100513
CASTSVGEVRMPHF	0.0005882985974100513
CASRPPGLAGNSGANVLTF	0.0005811242242709043
CASSLMAADNEQFF	0.0005739498511317573
CAWSRDSDQPQHF	0.0005739498511317573
CASSGDGNTEAFF	0.0005596011048534634
CASSLQGISGYTF	0.0005596011048534634
CASSSRWEGAEAFF	0.0005524267317143165
CASSNRGTSNQPQHF	0.0005452523585751695
CASSPDAGGTEAFF	0.0005380779854360225
CASSPRTGGAEKLFF	0.0005380779854360225
CASKNRDSGNTIYF	0.0005309036122968755
CASSSFGQGASRANVLTF	0.0005237292391577286
CASSFVNEQFF	0.0005093804928794347
CASSYPGNTIYF	0.0005093804928794347
CASSGTGAFGGYTF	0.0005022061197402877
CASSPGLGTDTQYF	0.00048785737346199377
CASSQADTQYF	0.0004806830003228468
CASRGTGGEAFF	0.0004735086271836998
CASSLSTLGTLHF	0.0004735086271836998
CASSEGSRYGYTF	0.00046633425404455286
CASSFWGQGDNSPLHF	0.00046633425404455286
CASSQGRGNTEAFF	0.00046633425404455286
CASSLTVGIYGYTF	0.00046633425404455286
CSVGDQGREQYF	0.0004591598809054059
CASSLNPTGGQPQHF	0.0004591598809054059
CASSIAGANYGYTF	0.0004519855077662589
CASSFTRGRENQPQHF	0.0004519855077662589
CASSGGGRVAEAFF	0.0004519855077662589
CASSSDGANYGYTF	0.000444811134627112
CASSERRAGTEAFF	0.000437636761487965
CASSPNQGYYEQYF	0.000437636761487965
CASIEGGDSNQPQHF	0.000437636761487965
CASSGDRGQQPQHF	0.000430462388348818
CASSQALAGGRETQYF	0.0004232880152096711
CASSLGTTTNQPQHF	0.0004232880152096711
CASSQGYGTGYEQYF	0.0004161136420705241
CATSDSWGEAQHF	0.0004089392689313771
CASSLDGAGGGETQYF	0.00040176489579223015
CASSMGLNYGYTF	0.0003945905226530832
CASSAREAYGYTF	0.0003945905226530832
CASSMGNQPQHF	0.00038741614951393614
CASSLDTLNTEAFF	0.00038741614951393614
CASSARGNEKLFF	0.00038741614951393614
CASSKVRPGGYTF	0.0003802417763747893
CASSPGLVGEQYF	0.0003802417763747893
CASSEDQTGANVLTF	0.0003802417763747893
CASSLAASYNEQFF	0.0003802417763747893
CASGPPDRYQPQHF	0.0003802417763747893
CASSQAGTEFRAFF	0.0003730674032356423
