TCR	Abundance
CSGSGGQTNSPLHF	0.4066466063238613
CASSLAMNTEAFF	0.2149530442379092
CASTPLAGATDTQYF	0.0712951054381324
CASSAQLGGNTEAFF	0.0624196170739401
CASSPPGRNSPLHF	0.0572508432623941
CASSQDIPGGSTDTQYF	0.0297447159601058
CASNPHGEPTDTQYF	0.0170229804168992
CASSQEWGDGGYTF	0.0060545026571865
CSARPLRQGAVGYTF	0.0059089033948894
CASSLRRDRGNTIYF	0.0049564415540294
CASTPLRENTEAFF	0.0043497779611249
CASILDRREVYGYTF	0.0037673809119367
CASSGGQGYSYYEQYF	0.0037309810963624
CASSWKRLAYYNEQFF	0.0031607173190322
CASSLGAQETQYF	0.002456987551263
CASSQSTTGALQYF	0.0020383896721589
CASSFQGSEQYF	0.0018563905942876
CAMRPLEDRSYEQYF	0.001771457691281
CASSSSYNSPLHF	0.0016076585211968
CASSNRVNTEAFF	0.0014317260792545
CASSSFKGANEKLFF	0.0014013928996093
CASSSSPNQSQFF	0.0013225266325317
CASSWTDNTEAFF	0.0013043267247445
CASRYGQLNYGYTF	0.0012375937295251
CASSRTGETQYF	0.0011283942828023
CASSSGTGGSQPQHF	0.000909995389356694
CASRSAQNQQPQHF	0.0008250624863500692
CASSPVIGGRSYEQYF	0.0007886626707758014
CASSWAREQYF	0.0007583294911305782
CASSWDRDGYTF	0.0006915964959110874
CASSLNQRGALRGNTIYF	0.0006733965881239536
CASSQTLGTGNTDTQYF	0.0006551966803368196
CSAIRRQGRGYGYTF	0.0006127302288335073
CASSRTGETQYF	0.0005399305976849717
CASSAGTADRGDTIYF	0.0003579315198136329
CAISESAAESPLHF	0.00033366497609745445
CASSSRQGSYNEQFF	0.0003215317042393652
CASSQWTGSSYGYTF	0.0003033317964522313
CASSPPSGDNSPLHF	0.00029726516052318666
CASSRFLGQPQHF	0.0002790652527360528
CASKPGTVNYGYTF	0.0002790652527360528
CASSLGRIYGYTF	0.0002305321653036958
CASSPSSSNYEQYF	0.0002244655293746512
CAAQSSTDTQYF	0.0002244655293746512
CASSYSSGSLSEQYF	0.00021839889344560652
CASSPHPGQYNSPLHF	0.00020019898565847263
CASSRGLAGSNEQYF	0.0001637991700842049
CAWRFSGTGGSRAFF	0.0001637991700842049
CASSPGGTGLWEQYF	0.0001577325341551603
CASSRGRETGDTQYF	0.00014559926229707105
CASSLRGGTDRAGNQPQHF	0.00014559926229707105
CASSLERGELFF	0.0001395326263680264
CASSEGPDSPLHF	0.0001395326263680264
CASMVRVGTEAFF	0.0001334659904389818
CASSSDRGLGQPQHF	0.00012739935450993716
CASSSGTYTGELFF	0.00012739935450993716
CASSLMGRTFLYF	0.00012133271858089253
CASSLGQLFTDTQYF	0.00012133271858089253
CSVLTSGNTIYF	0.0001152660826518479
CASSLMGRTFLYF	0.00010919944672280328
CASSLGTSRPYGYTF	0.00010313281079375864
CASSPGGTGLWEQYF	9.7066174864714e-05
CASSEMGGTNYGYTF	9.7066174864714e-05
CASSTAGWDEKLFF	9.09995389356694e-05
CASSRYNEQFF	8.493290300662476e-05
CAISESNWGRRNTIYF	8.493290300662476e-05
CASSSRQGGNNEQFF	8.493290300662476e-05
CASSLGGSGNEKLFF	7.279963114853551e-05
CASSLDLGTGAYF	6.67329952194909e-05
CASSHLVQRYGYTF	6.67329952194909e-05
CSAPQVRDEQFF	6.066635929044626e-05
CASSSTGTGVQGYGYTF	6.066635929044626e-05
CSARGSSGGRETQYF	5.459972336140164e-05
CASSYSYGIATNEKLFF	5.459972336140164e-05
CASSYRTIGSYEQYF	5.459972336140164e-05
CSARVGTGVNEQFF	4.8533087432357006e-05
CASSPALAGKNEQFF	4.8533087432357006e-05
CASSLGIGGQEGYTF	4.8533087432357006e-05
CASSHMDSNTEAFF	4.8533087432357006e-05
CASSAGQPFDEQYF	4.246645150331238e-05
CATSGVQGGELFF	4.246645150331238e-05
CASSQVGRKAEAFF	4.246645150331238e-05
CAWRGLGEGVYGYTF	4.246645150331238e-05
CATSGRRNHEQYF	3.639981557426776e-05
CASSRTGERGYTF	3.639981557426776e-05
CASSFSMGTQYF	3.639981557426776e-05
CASSGERANIQYF	3.639981557426776e-05
CASSQSTDTQYF	3.033317964522313e-05
CASSHGTGTGNTIYF	3.033317964522313e-05
CTSSQDTGTGENTEAFF	3.033317964522313e-05
CASSYRGRGPPYEQYF	3.033317964522313e-05
CASSFRSEGHRTF	3.033317964522313e-05
CASSLGQGTDTQYF	3.033317964522313e-05
CASSLEGQGLDTQYF	2.4266543716178503e-05
CAIRDRGDTEAFF	2.4266543716178503e-05
CASSKGGPRSLSKNIQYF	2.4266543716178503e-05
CAISESDSFNEKLFF	2.4266543716178503e-05
CASSPLGQGAIYGYTF	2.4266543716178503e-05
CASSSAGETNQPQHF	2.4266543716178503e-05
CASSERGQGASDNSPLHF	2.4266543716178503e-05
