TCR	Abundance
CTSSQDTGTGENTEAFF	0.0372028021511463
CASSFNQGGAWSPLHF	0.0293836682705915
CASSQGQGTYGYTF	0.0280745825077837
CSVERQGNTEAFF	0.0244657514859892
CSASLAVSTDTQYF	0.0236873761675629
CASSFGGLGETQYF	0.021635295782621
CASSGLAGGINEQFF	0.0214937729974525
CASSRQGLAGGEQYF	0.0202023775827908
CAWSRGGAGSTEAFF	0.0195124540050948
CASSPPSRGAGGYTF	0.018910982168129
CASSADRGGQPQHF	0.0179203226719501
CASSPWGVNTEAFF	0.0168942824794791
CASSADRGQSFF	0.0157267195018397
CATSDPSTDTQYF	0.0125778375318426
CASSSGGFSYEQYF	0.0120117463911689
CASTSDNGNTIYF	0.0114987262949334
CAISESRWDSPPLF	0.0111803000283045
CASSLEGQGAHNSPLHF	0.010313472969148
CASGISPGDTQYF	0.0094997169544296
CASTARTGGSGNTIYF	0.0086328898952731
CASSNTGITEAFF	0.0073945655250495
CASSETGSVTLHF	0.0073591848287574
CASSLAEGQPQHF	0.007235352391735
CASSDSTRGTNEKLFF	0.0064569770733088
CSAITANPGRGYTEAFF	0.0061385508066798
CSASYPRDRGRKQYF	0.0057493631474667
CASSLGLLNSPLHF	0.0057493631474667
CASSPPERTEAFF	0.0056078403622983
CASRPQMTGVYNEQFF	0.0054840079252759
CASSGGQGALWNNSPLHF	0.0053247947919615
CSVGGRNYGYTF	0.0051478913105009
CASSHMDSNTEAFF	0.0050594395697707
CASSSDLSRPNEQFF	0.0049886781771865
CAWSVQWGQLETQYF	0.0049179167846023
CSASRGGLNTEAFF	0.0048825360883102
CATSRAERRFNDGYTF	0.0047410133031418
CSAPSGGGQETQYF	0.0045818001698273
CSARDRGGQETQYF	0.0044048966883668
CASSPPRKGGVTDTQYF	0.0042456835550523
CASSNPGLQGGNTIYF	0.0041926125106142
CASSGIQGGEKLFF	0.0040157090291536
CSAIQRGRTSTDTQYF	0.0038741862439852
CASSFLFQGGSPLHF	0.0038564958958392
CASSFTGGETQYF	0.0038388055476931
CASEWGRENYGYTF	0.0037503538069629
CASSKGDRVNEKLFF	0.0037326634588168
CASSYSTGSYEQYF	0.0035734503255024
CASSKFPGGAPANEQFF	0.0035026889329181
CASSFTTWVTEAFF	0.0034849985847721
CSAQTGRGNTGELFF	0.0032727144070195
CASSRQGTPRGYTF	0.0032550240588734
CASSYPGTSGGSSYNEQFF	0.003095810925559
CASSFLGQGGEQYF	0.0030781205774129
CAWDSGSVSYEQYF	0.0030604302292669
CASSLGGGYNEQFF	0.0030250495329748
CASSGQGGVYNEQFF	0.0028481460515142
CASSVTTGGRQETQYF	0.0027420039626379
CSASSSPGGNYGYTF	0.0026889329181998
CASSGRPDGTEAFF	0.0025827908293235
CASSSGTGGYNEQFF	0.0025651004811774
CASSLAVAANYGYTF	0.0024589583923011
CASRRTGANGYTF	0.002423577696009
CAISEGQGYNEQFF	0.002423577696009
CASSGTGVTEAFF	0.002405887347863
CASRLVPKINEKLFF	0.0023174356071327
CASSYSGGRRPTDTQYF	0.0022820549108406
CASSLVPGSRSPLHF	0.0022820549108406
CASSLMGSSGNTIYF	0.0022466742145485
CASSPNKGFGLVTEAFF	0.0022289838664024
CASQRGDTGELFF	0.0022289838664024
CASSLGTGGHQETQYF	0.0022289838664024
CASSLIRLTGELFF	0.0021582224738182
CASSPPAGANTGELFF	0.0021582224738182
CASSLMGSSGNTIYF	0.0021228417775261
CASSVVLEGSYEQYF	0.0020520803849419
CASSIKQQGIDTQYF	0.0020520803849419
CASSKGGTGREWRF	0.0020166996886498
CSVYLGASEAFF	0.0019105575997735
CASSLAYQRGASDTQYF	0.0018928672516275
CASSVEILNTEAFF	0.0018751769034814
CASSQGQGSPDTQYF	0.0018044155108972
CASSVARKGGHGYTF	0.0017867251627512
CSARSASGGAHNEQFF	0.0017690348146051
CASSLGTEFNYGYTF	0.0016982734220209
CSASRNTEAFF	0.0016628927257288
CAWSAGQFDTEAFF	0.0016628927257288
CSARDRELYGYTF	0.0016275120294367
CSARRTGGSYEQYF	0.0016098216812906
CASSFGGSSSGNTIYF	0.0015744409849985
CASSSTDGEKLFF	0.0015567506368525
CASSVGTVYGYTF	0.0015036795924143
CASPVSSTDTQYF	0.0015036795924143
CSVNNGRGTEAFF	0.0014859892442683
CASSYAPGQDKNIQYF	0.0014859892442683
CASSPGLAYEQYF	0.0014682988961222
CASSQQYGSGANVLTF	0.0014682988961222
CASSRLQGDANYGYTF	0.0014506085479762
CASSLGIGGTSADTQYF	0.001397537503538
CSAPPASSGGSDTQYF	0.001397537503538
CASSWDRLNTEAFF	0.001379847155392
