TCR	Abundance
CASKQNNYGYTF	0.0143117926250456
CASSPGGAASTDTQYF	0.0117561153705732
CASTRGVQNTEAFF	0.007740051113545
CASSTAGWDEKLFF	0.005403431909456
CASRRGTDYEQYF	0.0043081416575392
CASSRSGTGGTGELFF	0.0035049288061336
CASSQIPYEQYF	0.0030668127053669
CASRLTGMNTEAFF	0.0028477546549835
CASSPGALSNEKLFF	0.0022635998539613
CASSLYSGTGSPLHF	0.0022635998539613
CASSDGGWSTEAFF	0.0021905805038335
CASLSGDGGYTF	0.0021175611537057
CASSQAAQGHEQYF	0.0018985031033223
CASTGVQETQYF	0.0016064257028112
CASTPRTGVTYEQYF	0.0015334063526834
CASSRASGGAAGELFF	0.0014603870025556
CARSLFTGPYEQYF	0.0014603870025556
CASSYIGMNTEAFF	0.0013143483023001
CASSLNRVGLHGYTF	0.0010952902519167
CASSHELGGASGVLVF	0.0010952902519167
CASKGQNYGYTF	0.0010952902519167
CASTRGGASSYNEQFF	0.0010222709017889
CASSPAGRYTQYF	0.0010222709017889
CASIRDTEETQYF	0.0009492515516611902
CASSVDGLETQYF	0.0009492515516611902
CASSRSGQGGTGELFF	0.0008032128514056225
CASKLSGTNEKLFF	0.0008032128514056225
CASSPKGVWNQPQHF	0.0008032128514056225
CASSPLEAYGYTF	0.0007301935012778386
CASSLEGGRTKTEAFF	0.0007301935012778386
CASSLRGDSGVRSTDTQYF	0.0007301935012778386
CASSQPGYSGNTIYF	0.0007301935012778386
CASSYSYSNTEAFF	0.0006571741511500548
CASSALMTGVNTGELFF	0.0006571741511500548
CAWSVTDNEQFF	0.0006571741511500548
CASMDDGTSDTGELFF	0.0005841548010222709
CATRGQPEAFF	0.0005841548010222709
CASTAAGVSNQPQHF	0.0005841548010222709
CASTTGSSGNTIYF	0.0005841548010222709
CATSRDRGWSYEQYF	0.0005841548010222709
CASRPTGMNTEAFF	0.0005841548010222709
CASSAGTSNYEQYF	0.0005841548010222709
CSAASGGRGKLFF	0.0005841548010222709
CASSLDRGDSPLHF	0.0005841548010222709
CASSEGQGRGYTF	0.000511135450894487
CASKQANYGYTF	0.000511135450894487
CASSVDLLIAGGKETQYF	0.000511135450894487
CASSLRAFYEQYF	0.000511135450894487
CASSKLDSSYEQYF	0.000511135450894487
CASSLTSGAEHFF	0.000511135450894487
CASFNPGAGAEAFF	0.000511135450894487
CASRMIGQNTEAFF	0.000511135450894487
CASRGTSGGFGEQFF	0.0004381161007667032
CSTYDGGSSDGYTF	0.0004381161007667032
CASRTGQGNSPLHF	0.0004381161007667032
CASSQDPGHGNTGELFF	0.0004381161007667032
CASSSDRGDSPLHF	0.0004381161007667032
CASSQDGGRGSTDTQYF	0.0004381161007667032
CASSHKSSGNTIYF	0.0004381161007667032
CASKGANYGYTF	0.0004381161007667032
CASQKRDTEAFF	0.0004381161007667032
CASSSLGGNYGYTF	0.0004381161007667032
CASTADSTDTQYF	0.0004381161007667032
CASSWGQGAQETQYF	0.0004381161007667032
CASSAQEAGPLNTQYF	0.0004381161007667032
CASTQVSGESNQPQHF	0.0004381161007667032
CASNWGTDPSTDTQYF	0.0004381161007667032
CASSEDWNSPLHF	0.0004381161007667032
CASREAVKGYTF	0.0004381161007667032
CASRTGDANTEAFF	0.0004381161007667032
CASSLDGGQVEPQHF	0.0004381161007667032
CSARRSSTGFGFNTEAFF	0.0004381161007667032
CASRYRGPDYEQYF	0.0004381161007667032
CASSPTRDGYTF	0.0003650967506389193
CASSQDGPQFF	0.0003650967506389193
CASSGQGVSTNYGYTF	0.0003650967506389193
CASSSGVANNEQFF	0.0003650967506389193
CASSQVGQYEQYF	0.0003650967506389193
CASSEQGLITGELFF	0.0003650967506389193
CASSTRYGGSENIQYF	0.0003650967506389193
CASSLRLQGGYTF	0.0003650967506389193
CSGREQGSFSEQFF	0.0003650967506389193
CASSPSTGPGEAFF	0.0003650967506389193
CASSPGQNNEQFF	0.0003650967506389193
CSAREVRINSPLHF	0.0003650967506389193
CASTSGTSGGNEQFF	0.0003650967506389193
CSARQPGGNYGYTF	0.0003650967506389193
CASSFSGASNQPQHF	0.0003650967506389193
CASSMETSGNTIYF	0.0003650967506389193
CASSPGGTRGYTF	0.0003650967506389193
CASSNQGNTEAFF	0.0003650967506389193
CASSLRDGGSSYNSPLHF	0.0003650967506389193
CASSLLIQNTGELFF	0.0003650967506389193
CASSQDLGSGELFF	0.00029207740051113545
CASSLGTLMETQYF	0.00029207740051113545
CASGLKVRGYDVPEAFF	0.00029207740051113545
CASSSGTLLYEQYF	0.00029207740051113545
CASSLGSLSNQPQHF	0.00029207740051113545
CASRSTGGSGYGYTF	0.00029207740051113545
CASSSQTGTYEQYF	0.00029207740051113545
