TCR	Abundance
CASSLRGRRDYGYTF	0.1495959865032853
CASSTAGWDEKLFF	0.0219321612502219
CASKQNNYGYTF	0.0147620316107263
CASSRAPGGAYEQYF	0.0146288403480731
CASSLDGHEQYF	0.0103001243118451
CASSPDPGGLGTEAFF	0.0079914757591901
CASSLQGLNTEAFF	0.0071479310957201
CASSPGGAASTDTQYF	0.0063487835198011
CASSPDRGRNTEAFF	0.0045950985615343
CASSLDPGGYGELFF	0.0041289291422482
CASSVVSNSPLHF	0.0040401349671461
CASSPGTHSPLHF	0.0039735393358195
CASSPQDGGANTGELFF	0.003529568460309
CASTESGLPGGYTF	0.0031743917599005
CASSPPDRGVNYGYTF	0.003152193216125
CASRLTGMNTEAFF	0.0030855975847984
CASTRGVQNTEAFF	0.0030412004972473
CASSIINDFTDTQYF	0.0029524063221452
CASRRGTDYEQYF	0.0026416267092878
CASSLTGRNTEAFF	0.002353045640206
CASSLMLGRGYGYTF	0.002353045640206
CASSLILAGTDTQYF	0.002353045640206
CASSLDADSLNEQFF	0.0021310602024507
CASSLDRGRQETQYF	0.0020644645711241
CASSPGGWLNTEAFF	0.0019090747646954
CAWNRVNTEAFF	0.0019090747646954
CASSPTNSYEQYF	0.0018202805895933
CASSESGRAGNTIYF	0.0017980820458177
CASSPRTGPDTIYF	0.0017536849582667
CASSPKGVWNQPQHF	0.0017536849582667
CASSHELGGASGVLVF	0.0016870893269401
CAWSVTDNEQFF	0.0016648907831646
CASGDMGNTEAFF	0.0016648907831646
CASSARDRGQLGHGYTF	0.001642692239389
CASSTWTGQRYGYTF	0.0016204936956135
CASNPTRLGNTEAFF	0.001598295151838
CASSELPNQPQHF	0.0015760966080625
CASSQNPARASDTQYF	0.0015316995205114
CASSALMTGVNTGELFF	0.0014873024329603
CASSDRGEVTGELFF	0.0014873024329603
CASEEGFGSQPQHF	0.0014651038891848
CASSLSTGGRDGYTF	0.0014651038891848
CASSPERGGTYEQYF	0.0014651038891848
CASSLGGTGLAEQYF	0.0014429053454093
CASSQRGGQSYEQYF	0.0014429053454093
CASSVVGTGITNTEAFF	0.0014207068016338
CATSFGGPLNTEAFF	0.0014207068016338
CASSEGASNQPQHF	0.0013985082578582
CASSLTAYEQYF	0.0013763097140827
CASSAVGTSGIFSSYNEQFF	0.0013763097140827
CSAREEGSPLHF	0.0013541111703072
CASSLYSGTGSPLHF	0.0013319126265316
CASRRDRGDNSPLHF	0.0013097140827561
CASSARTGGDQPQHF	0.0013097140827561
CASSQSLTGVTEAFF	0.0012653169952051
CASRPYAGLQETQYF	0.001220919907654
CASRPGLAGGLSEQFF	0.0011987213638785
CASSLAGGNQPQHF	0.0011987213638785
CASSSQDRRGEKLFF	0.0011987213638785
CASSPLEAYGYTF	0.0011543242763274
CSATDRVNNSPLHF	0.0011543242763274
CASSVESTPYEQYF	0.0011321257325519
CSARDPAGVNEKLFF	0.0011321257325519
CASSIPTAPYGYTF	0.0011321257325519
CASSSQGNTGELFF	0.0011321257325519
CASKGQNYGYTF	0.0011321257325519
CASSYSKRDSYGYTF	0.0011321257325519
CASRGTSYEQYF	0.0010877286450008
CASSLAGGSLETQYF	0.0010877286450008
CSARDRPGFGGELFF	0.0010655301012253
CASSPGALSNEKLFF	0.0010655301012253
CASSLDMGANTEAFF	0.0010655301012253
CASSPVGGYEQYF	0.0010433315574498
CSARAGGVSPLHF	0.0010433315574498
CASSLSAARGHGGYTF	0.0010433315574498
CASSPTYWVSSGNTIYF	0.0010433315574498
CASSDGGWSTEAFF	0.0010211330136743
CASSQGMGSNEQFF	0.0009989344698987746
CASSLEGGPYEQYF	0.0009989344698987746
CASSEGASNQPQHF	0.0009989344698987746
CASSYPTGLPNEKLFF	0.0009989344698987746
CASSPGTGGYNEQFF	0.0009767359261232463
CASSQDQGRTIYF	0.0009767359261232463
CASSQSKGGEANSPLHF	0.0009767359261232463
CASSPGLAAMGGHNEQFF	0.0009767359261232463
CASRSTGHNSPLHF	0.0009767359261232463
CASSLDRGSQGEKLFF	0.000954537382347718
CASSRSGAGTDTQYF	0.000954537382347718
CASSGEIMVTVYGYTF	0.000954537382347718
CASSLGQWGNTIYF	0.000954537382347718
CASSLNSGGYTDTQYF	0.0009323388385721896
CSARDDGGGYTF	0.0009323388385721896
CASSKGTGGSNQPQHF	0.0009323388385721896
CASSPPTAVANYGYTF	0.0009323388385721896
CASSFKGAGETQYF	0.0009101402947966612
CASSLIGANQPQHF	0.0009101402947966612
CASSLDRGRTDTQYF	0.0009101402947966612
CASSRSGTGGTGELFF	0.0009101402947966612
CASSSLGGESSYNSPLHF	0.0009101402947966612
CASSKGPGYGGYTF	0.0009101402947966612
