TCR	Abundance
CASVRHVNTNSPLHF	0.2356421173924651
CASSKQGSTEAFF	0.2051206385340696
CASSLSGGTGELFF	0.0231721540688279
CASSSPRGGGTDTQYF	0.0176074645532088
CATSEEGYQPQHF	0.0171577926731588
CASSRWTGTYTDTQYF	0.0143895001616008
CASSPHGGELFF	0.0128297008276773
CSASPAFYNSPLHF	0.0113542149712631
CSGIDRGQADQPQHF	0.011101274538735
CASSEMVEQPQHF	0.0089091241234911
CASSLDPGLAGEQFF	0.0077708921771145
CASSAQESYGAFF	0.006337563059455
CSARGSLRGNEKLFF	0.0055787417618706
CASSLGRAGGRTDTQYF	0.0046512935092674
CASSLGAGVDTQYF	0.0027401880190548
CSAPRGGDHIQYF	0.0025434565715329
CASSYRLPGINTGELFF	0.0019532622289673
CASSYQGGTEAFF	0.0017284262889422
CASSSPTTGGASGYTF	0.0014333291176594
CASSQGGVAGNEKLFF	0.0012647021626406
CSVVSGKETQYF	0.001222545423886
CASSYLGDQPQHF	0.0011522841926281
CASSLGRAGGRTDTQYF	0.0009977094838609952
CASSNNRGMGANVLTF	0.0008290825288422354
CASSPTDSSYEQYF	0.0008150302825906721
CASSLGRPPNTQYF	0.0007588212975844188
CASSPKTSGDQETQYF	0.0007307168050812923
CASSLGHRDLYEQYF	0.0007166645588297289
CASSQGLAGGPNEQFF	0.0006464033275719123
CSARQGKNSPLHF	0.0006042465888172224
CASSRTSGGSVGEQFF	0.0005620898500625325
CSARQMGRSSTDTQYF	0.0005339853575594059
CASSQGHRDTSYEQYF	0.0004918286188047159
CASSPGLSGGRTDTQYF	0.0004777763725531526
CASRDRGAYEQYF	0.0004777763725531526
CASSLDRGRKSYEQYF	0.000449671880050026
CASLAGALETQYF	0.00039346289504377273
CSVPPGEMNTEAFF	0.00039346289504377273
CASRSSMRGNTEAFF	0.00039346289504377273
CASRVQGAGVNSPLHF	0.00039346289504377273
CASSPGTGLSNYGYTF	0.0003513061562890828
CASSRKPGPTEAFF	0.0003372539100375195
CSASGRINQPQHF	0.0003372539100375195
CASSRDRGYEQYF	0.0003372539100375195
CASSSRDRANSPLHF	0.00032320166378595617
CSASRGQLENSPLHF	0.00032320166378595617
CASSIGHRTSTDTQYF	0.0002950971712828296
CASRKTPGQGNSPLHF	0.0002529404325281396
CASSQGLRGLTGELFF	0.0002529404325281396
CAWSVTNGMRGNTIYF	0.0002529404325281396
CSARDQGRRGYSNQPQHF	0.0002529404325281396
CASEGDGDNQPQHF	0.0002529404325281396
CASSTPCSGANVLTF	0.0002388881862765763
CASRQREGTEAFF	0.0002388881862765763
CASSLAGASNEQFF	0.0002388881862765763
CASSLARGSGGATYEQYF	0.0002388881862765763
CASRPTGRAGELFF	0.000224835940025013
CASSLLSGKAFF	0.000224835940025013
CASSEADNRANYEQYF	0.000224835940025013
CASSPTTDSGNTIYF	0.000224835940025013
CASSTGTGFYTGELFF	0.0002107836937734497
CASSLDPGLAGEQFF	0.0002107836937734497
CATSRDPGTGDEQYF	0.0002107836937734497
CASSSGQGVSPLHF	0.0001967314475218864
CASSQGRSGQETQYF	0.0001967314475218864
CASSYRAPPDRYEQYF	0.0001967314475218864
CASSIGAVNSPLHF	0.0001967314475218864
CSAAPGRVGGYTF	0.0001967314475218864
CASSLGGVRDTIYF	0.00018267920127032307
CASRQGGNQPQHF	0.00018267920127032307
CASGAGTTYEQYF	0.00018267920127032307
CASRPPGSYNSPLHF	0.00018267920127032307
CASNQGRDGYTF	0.00018267920127032307
CASRLRSSGRGSEKLFF	0.00018267920127032307
CAKDRRNQPQHF	0.00016862695501875975
CASSPSGQGATGELFF	0.00016862695501875975
CATSAGTGSVQPQHF	0.00016862695501875975
CASTPQDRRLSYTF	0.00016862695501875975
CASSRGQGRGYGYTF	0.00016862695501875975
CASSPTYGIGGNTIYF	0.00016862695501875975
CASSSGSSGNTIYF	0.00016862695501875975
CASSPRQAAILGYTF	0.00016862695501875975
CASSQDAFGYTF	0.00016862695501875975
CATSPSFGSNQPQHF	0.00016862695501875975
CASSFGMSGSYSNQPQHF	0.00016862695501875975
CASSHQGVSEAFF	0.00016862695501875975
CASSRRTGGSTNEKLFF	0.00015457470876719642
CASTPSGAGDTEAFF	0.00015457470876719642
CSATRTGDTGELFF	0.00015457470876719642
CASRGQGVAEAFF	0.00015457470876719642
CSAGIRLAGGGEFF	0.00015457470876719642
CASSLGHRNTGELFF	0.00015457470876719642
CASSPRAGQGADGYTF	0.00015457470876719642
CATTGEATLTEAFF	0.00015457470876719642
CASSWGQGRSGANVLTF	0.00015457470876719642
CASSLQGALGYTF	0.00015457470876719642
CSVGGMSGDTGELFF	0.00014052246251563313
CASSLPIQGTYEQYF	0.00014052246251563313
CASSMGSGVQDTQYF	0.00014052246251563313
CASTKPGAEQYF	0.00014052246251563313
