TCR	Abundance
CASSIDRVSYEQYF	0.1963522600828885
CASSLGTHNTEAFF	0.0275918788602022
CASSPLTSGGNNEQFF	0.0226895228265952
CASSPHGGELFF	0.0225605134572898
CASSYMGLGTDTQYF	0.0217219525568044
CASSPQGGEKLFF	0.0194642885939591
CASSYSTGADEKLFF	0.0175130218832142
CASSPGTNYGYTF	0.013207334182645
CASSPSRVPSSYEQYF	0.0121107545435487
CASKTGVGTGELFF	0.0110786795891051
CASSFGSLLSYEQYF	0.0105948944542097
CASTRRGTGNEKLFF	0.0095950718420925
CASSLRGGWDQPQHF	0.0093048007611552
CASSYDSRRNSPLHF	0.0092080437341761
CASRVQGAGVNSPLHF	0.0090629081937075
CASTAEGAARTEAFF	0.0089338988244021
CASSHTDRDDSGNTIYF	0.0082565996355485
CASSTQGWYSNQPQHF	0.0079824547257744
CASSKVLRTGKETQYF	0.0077889406718162
CAISESAGHGELFF	0.0077889406718162
CSARPGGRGDEQYF	0.0074664172485526
CASSLDRGNGYTF	0.007321281708084
CARSRKHQPQHF	0.0062569544113141
CASRKSGPGGETQYF	0.0061440712131718
CASSLERSLNYGYTF	0.0055312767089709
CASSRIGNTIYF	0.0055312767089709
CASSRDRVEAFF	0.0051926271145441
CSADSGTTNSPLHF	0.0051603747722178
CASRGAHEQYF	0.0050474915740755
CSVVVGANYGYTF	0.0048378513489542
CASSRWTGTYTDTQYF	0.0048055990066278
CASSETTYLQGYTF	0.0047088419796487
CASSDGQSTYEQYF	0.0046765896373224
CASSERRGRSDTQYF	0.0045959587815065
CASSHLRRGVGFGDEKLFF	0.0045153279256906
CASSYDRFGGNTIYF	0.0041444259889374
CASSFGSGFPNYGYTF	0.004112173646611
CASSQGEEPYRGYTIYF	0.0038057763945106
CAWTRAYEQYF	0.0036928931963683
CATSGNSYGYTF	0.003660640854042
CASEQGSLGGANVLTF	0.0035961361693893
CASSLQGGEPNEKLFF	0.0035800099982261
CASSLASGGNTGELFF	0.0034348744577574
CASSPGAGRDTEAFF	0.0034187482865943
CASSEQEDQPQHF	0.0033542436019415
CASSPVAGVNEQFF	0.0033219912596152
CASSYSGGAYGYTF	0.0031123510344938
CSALGERGGLSAYEQYF	0.0029833416651884
CASSEEGQYNQPQHF	0.0029349631516988
CASSLTRGAKHTIYF	0.0028059537823934
CSARAGAYGYTF	0.0027414490977407
CASVRHVNTNSPLHF	0.0027091967554143
CASTTDRDGEKLFF	0.002676944413088
CASSDPNGQSYEQYF	0.002676944413088
CASSGDGSNQPQHF	0.0026608182419248
CASSFTSRNGELFF	0.0026124397284352
CAISDTSRQGRGQPQHF	0.0025801873861089
CASSMRRNTYEQYF	0.0025318088726193
CSASRSGLAKNIQYF	0.0025318088726193
CASGQTHQPQHF	0.0025156827014561
CASSLADSPLHF	0.0024834303591298
CASSLQGRNTEAFF	0.0024511780168034
CASSSPQGEETQYF	0.0024189256744771
CSARRGIVEKLFF	0.0023705471609875
CASQRGTRHNEQFF	0.002322168647498
CASSGDRVGSPLHF	0.0022576639628453
CASSIEGNRGEQYF	0.0022415377916821
CASSPTGVAGWGETQYF	0.002144780764703
CASSTRDSTNEKLFF	0.0021286545935398
CASSLGQGMDEQFF	0.0021125284223766
CASSLARGPGGELFF	0.0020641499088871
CSARTLAGGSGELFF	0.0020480237377239
CATCLCRLGGYTF	0.0020157713953975
CSARDPLAGGRYGTDTQYF	0.0020157713953975
CASSLGHPNTEAFF	0.0019996452242344
CSARRLAIGYNEQFF	0.0019512667107448
CASSPRQRNTIYF	0.0019512667107448
CARSPYTVPPSTQYF	0.0019512667107448
CASSPDSGVYEQYF	0.0019512667107448
CASSRTRQDLQETQYF	0.0019351405395816
CASSYSVLGAYEQYF	0.0019190143684185
CASSKQGSTEAFF	0.0018706358549289
CASSPFRQRTEAFF	0.0017738788279498
CASSQDRDSYNEQFF	0.0017577526567866
CSAQGQGSYNEQFF	0.0017255003144603
CATSDLRGLGDNEQFF	0.0017255003144603
CASSTRLVLTPLETQYF	0.0017255003144603
CASSLSGDYGYTF	0.0017093741432971
CASSLGRGAFF	0.0016771218009707
CASNRDRGDEQYF	0.0016448694586444
CASRGQFRNTIYF	0.0015964909451548
CASSPQWGQSYGYTF	0.0015803647739917
CASSQKRGRGVSYNSPLHF	0.0015642386028285
CASSDRQGVRWFF	0.0015481124316653
CSAELAGASNPYEQYF	0.0015319862605021
CASSAEMGRETGELFF	0.0015319862605021
CASSLNGPPF	0.0013868507200335
CASRRRQEGGYTF	0.0013868507200335
CSASRGPGGTEAFF	0.0013707245488703
CASSSPRGGGTDTQYF	0.0013545983777071
