TCR	Abundance
CASVRHVNTNSPLHF	0.207069913589945
CASSKQGSTEAFF	0.185349567949725
CASSLSGGTGELFF	0.0163393558523173
CASSSPRGGGTDTQYF	0.0133019114951558
CATSEEGYQPQHF	0.0115998952605394
CASSRWTGTYTDTQYF	0.0109583660644147
CASSPHGGELFF	0.0099633411887928
CSGIDRGQADQPQHF	0.0078685519769573
CSASPAFYNSPLHF	0.0073579471065724
CASSEMVEQPQHF	0.0064938465566902
CASSAQESYGAFF	0.005616653574234
CSARGSLRGNEKLFF	0.0052893427598847
CASSLDPGLAGEQFF	0.0049489395129615
CASSLGRAGGRTDTQYF	0.0031814611154752
CASSYQGGTEAFF	0.0018329405603561
CSAPRGGDHIQYF	0.001400890285415
CASSLGAGVDTQYF	0.0013092432573972
CASSYRLPGINTGELFF	0.000968840010473946
CSVVSGKETQYF	0.0008248232521602514
CASSLGRAGGRTDTQYF	0.0007331762241424457
CASSYLGDQPQHF	0.0007200837915684735
CASSNNRGMGANVLTF	0.000589159465828751
CASSLGRPPNTQYF	0.0005760670332547787
CASRVQGAGVNSPLHF	0.000536789735532862
CASSLGHRDLYEQYF	0.0005236973029588898
CASLAGALETQYF	0.0005236973029588898
CASSRTSGGSVGEQFF	0.0004975124378109452
CSARQMGRSSTDTQYF	0.0004582351400890285
CASSQGLAGGPNEQFF	0.0004189578423671118
CASSRKPGPTEAFF	0.0004058654097931396
CSASGRINQPQHF	0.0004058654097931396
CASSPTDSSYEQYF	0.00039277297721916735
CASSPKTSGDQETQYF	0.0003796805446451951
CSASRGQLENSPLHF	0.0003796805446451951
CASSLAGASNEQFF	0.0003665881120712229
CASSYQSSYNEQFF	0.0003273108143493061
CASSGDGSNQPQHF	0.0003273108143493061
CASSIWGNTGELFF	0.00031421838177533385
CASSLLSGKAFF	0.00028803351662738935
CASRDRGAYEQYF	0.0002618486514794449
CASSFAEGSDFNQPQHF	0.0002487562189054726
CASRSSMRGNTEAFF	0.0002487562189054726
CASSHQGVSEAFF	0.0002487562189054726
CASSPGTGLSNYGYTF	0.0002487562189054726
CASSLDRGRKSYEQYF	0.0002487562189054726
CASSSGSSGNTIYF	0.0002487562189054726
CSARDQGRRGYSNQPQHF	0.0002487562189054726
CAWGPGTASYEQYF	0.0002487562189054726
CATTGEATLTEAFF	0.0002487562189054726
CASSEPFTYEQYF	0.0002356637863315004
CASTLGGGSDEQYF	0.0002356637863315004
CASSQDAFGYTF	0.00022257135375752812
CASSPGEREANTIYF	0.00022257135375752812
CASKALLGGGAGGIQYF	0.0002094789211835559
CASRVGERGYTF	0.0002094789211835559
CASSPTQGYNSPLHF	0.0002094789211835559
CSARDRYEQYF	0.00019638648860958367
CSAAPGRVGGYTF	0.00019638648860958367
CASSIGHRTSTDTQYF	0.00019638648860958367
CASSHRQGTTNYGYTF	0.00018329405603561145
CASRDRDRGRNTEAFF	0.00018329405603561145
CASSYSTGADEKLFF	0.00018329405603561145
CASSSRDRANSPLHF	0.00018329405603561145
CASSPRTGNTIYF	0.00018329405603561145
CRGGVDGYTF	0.00018329405603561145
CASSPRDSRYGYTF	0.00017020162346163917
CASSFRSGELFF	0.00017020162346163917
CASSQGGGRQETQYF	0.00017020162346163917
CASRQGGNQPQHF	0.00017020162346163917
CATSRDGQMRAFF	0.00017020162346163917
CASSLGTGAHSGNTIYF	0.00017020162346163917
CSAGIRLAGGGEFF	0.00017020162346163917
CASSPTYGIGGNTIYF	0.00017020162346163917
CASSTNRGRGTEAFF	0.00017020162346163917
CASTSLRGTGELFF	0.00017020162346163917
CASSLQGALGYTF	0.00015710919088766692
CSVGGGSYGYTF	0.00015710919088766692
CASSLRGGWDQPQHF	0.00015710919088766692
CASSLGQPYNEQFF	0.00015710919088766692
CASSLGGTGSRVSPLHF	0.00015710919088766692
CARQGLGGNTIYF	0.00014401675831369467
CASSSTGKNSPLHF	0.00014401675831369467
CASSLARGSGGATYEQYF	0.00014401675831369467
CASSPGLSGGRTDTQYF	0.00014401675831369467
CASSRPDFNEQFF	0.00014401675831369467
CAPPPGGRLTGNTIYF	0.00014401675831369467
CSAGGEVPFQETQYF	0.00014401675831369467
CASKEGKDTGELFF	0.00014401675831369467
CAVGLAVDTQYF	0.00014401675831369467
CASSPTGQGRTNTEAFF	0.00014401675831369467
CASKMTGLEGYTF	0.00014401675831369467
CASSPTGGTWGGYTF	0.00014401675831369467
CASRPTGRAGELFF	0.00014401675831369467
CASSEEMPSNQPQHF	0.00014401675831369467
CASSRSYGYTF	0.00014401675831369467
CSAPPGGAGAGYTF	0.00014401675831369467
CASSLLGSGGELFF	0.00014401675831369467
CASSLGPEGYTF	0.00014401675831369467
CASSRLNSNQPQHF	0.00014401675831369467
CASSFQGTVNSPLHF	0.00014401675831369467
