TCR	Abundance
CASSPTGGVETEAFF	0.003411084399974
CASSPTQGAQNGYTF	0.0024689753752192
CASSLKLGTNQPQHF	0.0017867584952244
CASSLAGRGAFF	0.0014618933142745
CASGTGGDTGELFF	0.0013319472418946
CAISEFGTPGPTYGYTF	0.0012669742057046
CATSKTAPVGKLFF	0.0010070820609447
CASSSTGTGAEAFF	0.0006497303618998116
CASSTLQEAMNYGYTF	0.000617243843804821
CASTPPGDNQPQHF	0.000617243843804821
CSVHLHHDEAFF	0.0005847573257098304
CASSFQNSNQPQHF	0.0005197842895198493
CAIGGGRFFYEQYF	0.0005197842895198493
CASSAQGFRIPGELFF	0.0004872977714248587
CASSMNGGNTIYF	0.0004223247352348775
CASSLVGTGGGHEQFF	0.0004223247352348775
CASSSGTAHSKQYF	0.0004223247352348775
CASRRETEAFF	0.00038983821713988695
CASSLDDLGSAF	0.00038983821713988695
CASSVGQLYGYTF	0.00038983821713988695
CASSLGPRDQPQHF	0.00035735169904489635
CASSRGSGQANTEAFF	0.00035735169904489635
CASSGRRGNEQFF	0.0003248651809499058
CASSGTAGQGTEAFF	0.0003248651809499058
CASSLQGPHNEQFF	0.0002923786628549152
CASSSYPGQGVNTEAFF	0.0002923786628549152
CASSQPPGELFF	0.0002923786628549152
CSVNTGANVLTF	0.00025989214475992465
CASSYSSSQAYEQYF	0.00025989214475992465
CASSSSNTQYF	0.00025989214475992465
CASSPDRGRTGELFF	0.00025989214475992465
CASSESGPITEAFF	0.00025989214475992465
CASSVGGGPVDEQFF	0.00025989214475992465
CASSQEQAGYGYTF	0.00025989214475992465
CASSGLASETQYF	0.00025989214475992465
CASSLEYSGYGYTF	0.00025989214475992465
CSANPGTSGSYEQYF	0.00022740562666493405
CASSVGSSGSFTGELFF	0.00022740562666493405
CASTRDRLSEAFF	0.00022740562666493405
CASSLQGNTEAFF	0.00022740562666493405
CASREDMNTEAFF	0.00022740562666493405
CSARTGPNYGYTF	0.00022740562666493405
CASSQQSHGGEAFF	0.00022740562666493405
CASRAVSTGNHEQYF	0.00022740562666493405
CASSQDVAAGTIYEQYF	0.00022740562666493405
CASSPRTGESPLHF	0.00022740562666493405
CASSVENNEQFF	0.00022740562666493405
CASSPGLAGGQETQYF	0.00022740562666493405
CASSLLSWDRGFF	0.00022740562666493405
CAISDQQGALNSPLHF	0.00022740562666493405
CASSPDREGGYTF	0.00022740562666493405
CASSLLYNSPLHF	0.00019491910856994348
CASRDPGGGYTF	0.00019491910856994348
CASSLRMNTEAFF	0.00019491910856994348
CASSSYNEQFF	0.00019491910856994348
CASSSLGQPNTEAFF	0.00019491910856994348
CASSAPNSQETQYF	0.00019491910856994348
CASSSGAYEQYF	0.00019491910856994348
CSARGQGQATGELFF	0.00019491910856994348
CASSSPGQPNEKLFF	0.00019491910856994348
CASSLRYTGELFF	0.00019491910856994348
CASSLAEGAQYF	0.00019491910856994348
CASSRDASWGGYTF	0.00019491910856994348
CASSPTTSTDTQYF	0.00019491910856994348
CASSAQLTGAGQPQHF	0.00019491910856994348
CASSLAGGAAQPQHF	0.00019491910856994348
CAISESPGFSYEQYF	0.00019491910856994348
CASSQGGGALGYTF	0.00019491910856994348
CSVVRSGQGTEAFF	0.00019491910856994348
CASSPPTGDTQYF	0.00019491910856994348
CASSLEDRGLGHGYTF	0.00019491910856994348
CASSFRDRLNSPLHF	0.0001624325904749529
CAWSGSGALYNEQFF	0.0001624325904749529
CASSLGRELFF	0.0001624325904749529
CPIWGGGYTF	0.0001624325904749529
CASSLYAETRAFF	0.0001624325904749529
CAISESLAGGGGTEAFF	0.0001624325904749529
CSVNTGTGHQPQHF	0.0001624325904749529
CASSYPGTGGEKLFF	0.0001624325904749529
CASSSHTQETQYF	0.0001624325904749529
CATRSGQADGYTF	0.0001624325904749529
CASSLGAVEKLFF	0.0001624325904749529
CASSLGSGPQPQHF	0.0001624325904749529
CASQVTENTEAFF	0.0001624325904749529
CASSPTGSNQPQHF	0.0001624325904749529
CASTLQGIGNQPQHF	0.0001624325904749529
CASSQVGAPSSGNTIYF	0.0001624325904749529
CASSALAGGPEETQYF	0.0001624325904749529
CSARSQGRSYEQYF	0.0001624325904749529
CASCSGGGEKLFF	0.0001624325904749529
CSAELAGTLTEQFF	0.0001624325904749529
CASSPGQGAQPQHF	0.0001624325904749529
CASSPEGGPGKTQYF	0.0001624325904749529
CSAHPKGGVNEKLFF	0.0001624325904749529
CASSFPVKQGPGTEAFF	0.0001624325904749529
CASSIGVRRDNSPLHF	0.0001624325904749529
CASSPPGKDTEAFF	0.0001624325904749529
CASSQDRDEKLFF	0.0001624325904749529
CASSLYGRGGGNTIYF	0.0001624325904749529
CASWVRQGGNTEAFF	0.0001624325904749529
