TCR	Abundance
CASTLTGGTEAFF	0.2392286289011214
CATSSDRVGSPLHF	0.2030088772720155
CASSYFNRVLGRDSYEQYF	0.1460232953108249
CAISESTGQQQFF	0.0122980932535141
CASSGKGQGGGSPLHF	0.0040592139338239
CASSLSYEAFF	0.0009515664711338096
CASSMGLGTGELFF	0.0003493092109225377
CARSGKGQGGGSPLHF	0.0003493092109225377
CATSDRDPQETQYF	0.0002288577588802833
CASSLGTGAYEQYF	0.00020476746847183244
CARSGTGQGGGSPLHF	0.00016863203285915612
CASSLLRTADNEQFF	0.0001565868876549307
CARSGKGPGGGSPLHF	0.00010840630683802894
CARRGKGQGGGSPLHF	0.00010840630683802894
CASSGTGPGGGSPLHF	8.431601642957806e-05
CASRGTGPGGGSPLHF	7.227087122535263e-05
CASSGKGPGGGSPLHF	7.227087122535263e-05
CASSVFAGSSDEQFF	7.227087122535263e-05
CASRGTGQGGGSPLHF	7.227087122535263e-05
CASSLGQGAYEQYF	4.818058081690175e-05
CASRGKGPGGGSPLHF	3.613543561267632e-05
CAADTAVNTEAFF	3.613543561267632e-05
CAPSGKGQGGGSPLHF	2.4090290408450876e-05
CASRYGVNTEAFF	2.4090290408450876e-05
CARRGTGPGGGSPLHF	2.4090290408450876e-05
CASSGKGPGGGSPLHF	2.4090290408450876e-05
CARRGTGPGGGSPLHF	2.4090290408450876e-05
CARSGTGQGGGSPLHF	2.4090290408450876e-05
CASSLALNNGGAHF	2.4090290408450876e-05
CASSGTGQGGGSPLHF	2.4090290408450876e-05
CPSSGKGQGGGSPLHF	2.4090290408450876e-05
CATSADRGGAPLHF	1.2045145204225436e-05
CPTSSARVGSPLHF	1.2045145204225436e-05
CSARTVKGISYEQYF	1.2045145204225436e-05
CPRRGKGQGGGSPLHF	1.2045145204225436e-05
CASSPGPKAYGYTF	1.2045145204225436e-05
CASCGTGQGGGSPLHF	1.2045145204225436e-05
CASSLGGSGNTEAFF	1.2045145204225436e-05
CASTISAPGPYEQYF	1.2045145204225436e-05
CASSGKGQGGGSPLHF	1.2045145204225436e-05
CSAPGPSTDTQYF	1.2045145204225436e-05
CASSPRNPIWHHQPQHF	1.2045145204225436e-05
CASSFITPLQRKNIQYF	1.2045145204225436e-05
CASSSLIPICKENIQYF	1.2045145204225436e-05
CASSQGGAFYGYTF	1.2045145204225436e-05
CSGVGQVHYGYTF	1.2045145204225436e-05
CASKRPGLAGGPSYNEQFF	1.2045145204225436e-05
CASSLGTGGLEQYF	1.2045145204225436e-05
CASSYGGLAYNEQFF	1.2045145204225436e-05
CASSERGSNTGELFF	1.2045145204225436e-05
CASSWTGDQPQHF	1.2045145204225436e-05
CASRYAVNTEAFF	1.2045145204225436e-05
CAGSGGKGYGYTF	1.2045145204225436e-05
CASRYGGDTEAFF	1.2045145204225436e-05
CASCGKGQGGGSPLHF	1.2045145204225436e-05
CARSGKGPGGGSPLHF	1.2045145204225436e-05
CARRGKGPGGGSPLHF	1.2045145204225436e-05
CAWRTGTVMGEQYF	1.2045145204225436e-05
CAWSAGTINQPQHF	1.2045145204225436e-05
CARRGKGPGGGSPLHF	1.2045145204225436e-05
CARSGTGPGGGSPLHF	1.2045145204225436e-05
CAPSGKGPGGGSPLHF	1.2045145204225436e-05
CARRGTGPGGASPLHF	1.2045145204225436e-05
CPSRGKGPGGGSPLHF	1.2045145204225436e-05
CARRGTGQGGGSPLHF	1.2045145204225436e-05
CASRGKGPGGGSPLHF	1.2045145204225436e-05
CPPRGTGPGGGSPLHF	1.2045145204225436e-05
CARRGKGPGGGSPLHF	1.2045145204225436e-05
CASRGKGQGGGSPLHF	1.2045145204225436e-05
CPRRGTGPGGGSPLHF	1.2045145204225436e-05
CARSGTGQGGGSPLHF	1.2045145204225436e-05
CPSRGKGQGGGSPLHF	1.2045145204225436e-05
CPSSGKGQGGGSPLHF	1.2045145204225436e-05
CARRGTGQGGGSPLHF	1.2045145204225436e-05
CARSGTGPGGGSPLHF	1.2045145204225436e-05
CAPRGTGPGGGSPLHF	1.2045145204225436e-05
CARSGKGPGGGSPLHF	1.2045145204225436e-05
CASSGTGPGGGSPLHF	1.2045145204225436e-05
CASSPDAQSRANVLTF	1.2045145204225436e-05
CASRGKGQGGGSPLHF	1.2045145204225436e-05
CAPSGTGPGGGSPLHF	1.2045145204225436e-05
