TCR	Abundance
CASSLSGTGSTDTQYF	0.0885278641932634
CASSLRGQGWQPQHF	0.0415946537619541
CASSQGTGEYTGELFF	0.0399815646963935
CASSLQANTEAFF	0.0311095748358105
CASSQLSGEAFF	0.0271152590544225
CASSTAGWDEKLFF	0.0243499635134616
CASSLEHFYEQYF	0.0235818258631946
CASSPGGAASTDTQYF	0.0180512347812728
CASSQDRERTEAFF	0.0123286092867841
CAISEDGTENSPLHF	0.0092176518032031
CASSALLGAGQPQHF	0.0082574797403694
CASSESADSGTLHF	0.0074125283250758
CASSLGSTEAFF	0.0072204939125091
CAWRNPEYSGGRNEQFF	0.0061835080846487
CASSVGGGLQPHEQYF	0.0058378461420286
CASRVQGANYGYTF	0.0053001497868418
CASSLEAGGFYNEQFF	0.0051849291393017
CASSGRGPSYEQYF	0.0048008603141682
CASRRDPEDTQYF	0.0047624534316549
CASSLTAATNEKLFF	0.0045704190190882
CASSSGSIDTQYF	0.0040327226639013
CASSFGGAFRDEQFF	0.0038790951338479
CASSQGGNEQFF	0.0036870607212812
CASSSRDSYEQYF	0.0036870607212812
CASSLLGGGDEQYF	0.0034566194262011
CASSFRVAGELFF	0.0031877712486077
CASSEWYNYEQYF	0.003110957483581
CASSLGLGVTEAFF	0.0030341437185543
CARQGLSSYEQYF	0.002995736836041
CASRLGDAQYF	0.0028421093059876
CAWSTDRPYEQYF	0.0027652955409609
CASSQLAANEQFF	0.0026500748934209
CATSRDRARSSTGELFF	0.0026500748934209
CATSSGRANTGELFF	0.0024196335983408
CASSERREQYF	0.0024196335983408
CASSLLGRGGNTIYF	0.0022660060682874
CATGRGGNTEAFF	0.0022660060682874
CASSKPDRGTYEQYF	0.0022660060682874
CASSLEWSEQYF	0.001997157890694
CASSLSGAASYEQYF	0.0019587510081806
CASSYSSENTGELFF	0.0019203441256673
CASSVQGARGEQYF	0.0019203441256673
CATSTGQGSSPLHF	0.0018819372431539
CASSPHQGGEQYF	0.0018051234781272
CASSVVGGNEQFF	0.0017667165956139
CASSLRQGWSPGELFF	0.0016899028305872
CASSWTANTEAFF	0.0016899028305872
CASSYGGSGVLGDEQYF	0.0016899028305872
CASQGQAGRSYF	0.0016514959480738
CASSTGTILTDTQYF	0.0016130890655605
CASAGGGELFF	0.0015746821830472
CASSPGPTSYEQYF	0.0015362753005338
CASTFGGANTGELFF	0.0014978684180205
CASSLAAVSYEQYF	0.0014210546529938
CASSDSDGGTDTQYF	0.0013826477704804
CASIALPTGHTDETQYF	0.0013826477704804
CASSIGHTYEQYF	0.0013826477704804
CASRPGTGGLFGNTIYF	0.0013442408879671
CASSTIAGVNTGELFF	0.0013442408879671
CASSLQGAREKLFF	0.0013442408879671
CASSLWQQETQYF	0.0013442408879671
CSASLEDSNTEAFF	0.0013058340054537
CASSVDGRINQPQHF	0.0013058340054537
CASSPPGGNTGELFF	0.0013058340054537
CASSRDGSSYEQYF	0.0012674271229404
CASSSGLAKYNEQFF	0.0012674271229404
CASSLQGSKYQPQHF	0.0012674271229404
CAISWTGREIF	0.0011906133579137
CASDEGGRTEAFF	0.0011906133579137
CSADSGGASYEQYF	0.0011906133579137
CASSEWAVGTNEKLFF	0.0011906133579137
CASSQDSQGASYEQYF	0.001113799592887
CASSRPTNPGQGKLTEKLFF	0.001113799592887
CSVEGPYEQYF	0.0010753927103736
CASSRGGVNTEAFF	0.0010753927103736
CASSDSGQGTYNEQFF	0.0010753927103736
CASSLWPGGGTGELFF	0.0010753927103736
CAWSEGGGYTF	0.0010753927103736
CASSPLPELDRSNEQFF	0.0010369858278603
CASSSGALTSGDEQFF	0.0010369858278603
CATFANTGELFF	0.0010369858278603
CASSFRQGWGTGELFF	0.0009985789453470062
CASSLSAYTEAFF	0.0009985789453470062
CASSYSRAGELFF	0.0009985789453470062
CASSPSGGFLDTQYF	0.0009601720628336596
CASSTIRATNYGYTF	0.0009601720628336596
CASSPTESYNSPLHF	0.0009601720628336596
CAWSRSGGPISYNEQFF	0.0009601720628336596
CASSYYGLSGYTF	0.0009217651803203134
CASSFEGLARGGETQYF	0.0009217651803203134
CASSLAERYEQYF	0.0009217651803203134
CASSSTDRAFTNTEAFF	0.0009217651803203134
CASSVPAGSSYNEQFF	0.0009217651803203134
CAWSLGQPTGELFF	0.000883358297806967
CSARASWEATDTQYF	0.000883358297806967
CASTNQGDWRTEAFF	0.000883358297806967
CASSQDAYRGGNTGELFF	0.000883358297806967
CASSYTGTTIEQYF	0.0008449514152936206
CASSTLAGGLEQYF	0.0008449514152936206
CASSYEDSFSSPLHF	0.0008449514152936206
