TCR	Abundance
CASTLTGGTEAFF	0.4518074109895424
CATSSDRVGSPLHF	0.0829504926555038
CASSLGTGAYEQYF	6.044852807834129e-05
CAADTAVNTEAFF	6.044852807834129e-05
CASRYGVNTEAFF	4.533639605875597e-05
CASSQDRLTGDEQYF	4.533639605875597e-05
CASSLGQGAYEQYF	4.533639605875597e-05
CASSLISGEKLFF	3.0224264039170645e-05
CASSPTSGKYYEQYF	3.0224264039170645e-05
CAWSQGGGHTDTQYF	3.0224264039170645e-05
CASSLGASGSFGELFF	3.0224264039170645e-05
CASSFHRGHPEETQYF	3.0224264039170645e-05
CASSQDPTGRNSPLHF	3.0224264039170645e-05
CASSLVRPEEAFF	3.0224264039170645e-05
CASLWANTEAFF	3.0224264039170645e-05
CASSLSKMAFF	3.0224264039170645e-05
CSAKGQGGFRSEQFF	3.0224264039170645e-05
CSARSGDPGLADLQETQYF	3.0224264039170645e-05
CASSLRGTGGQETQYF	3.0224264039170645e-05
CASSFTVSYEQYF	3.0224264039170645e-05
CASGSSGNTIYF	3.0224264039170645e-05
CASSFTGMSPLHF	3.0224264039170645e-05
CASRYAVNTEAFF	3.0224264039170645e-05
CSTRTGDQPQHF	3.0224264039170645e-05
CASSFRTEGRVESEQFF	1.5112132019585324e-05
CASSSEGETQYF	1.5112132019585324e-05
CASSLGPRGRTETQYF	1.5112132019585324e-05
CASSLGTSGSGYQETQYF	1.5112132019585324e-05
CASSRGPGANVLTF	1.5112132019585324e-05
CASSLAGNPLYGYTF	1.5112132019585324e-05
CASSVDRLNTEAFF	1.5112132019585324e-05
CASSVGQKSYEQYF	1.5112132019585324e-05
CASSLRKTGGFYEQYF	1.5112132019585324e-05
CASSLITGELFF	1.5112132019585324e-05
CASRLTHRQAPSGQDTQYF	1.5112132019585324e-05
CASSLEIRGTIF	1.5112132019585324e-05
CASSLRYPGVGTDTQYF	1.5112132019585324e-05
CASSVGLAGAGTDTQYF	1.5112132019585324e-05
CASSSLDGDGYTF	1.5112132019585324e-05
CASSPRTGEGFRNEQFF	1.5112132019585324e-05
CASSVDGSRTGELFF	1.5112132019585324e-05
CASSQTGFLEQYF	1.5112132019585324e-05
CASSLAQGGPGHEQYF	1.5112132019585324e-05
CASSLDRWSEEQYF	1.5112132019585324e-05
CASSLSAPGLGSYEQYF	1.5112132019585324e-05
CASSFSRQLKSSSYEQYF	1.5112132019585324e-05
CASSLGYQETQYF	1.5112132019585324e-05
CASSSGQQNTEAFF	1.5112132019585324e-05
CASSLGGQGVGEAFF	1.5112132019585324e-05
CASSSDRVGSPLHF	1.5112132019585324e-05
CASSLRLMNSTDTQYF	1.5112132019585324e-05
CASSPTGTAGNTIYF	1.5112132019585324e-05
CASSVDFQGANTEAFF	1.5112132019585324e-05
CASSPTGRHGNQPQHF	1.5112132019585324e-05
CASSPNRGRRETQYF	1.5112132019585324e-05
CASSLGSSNNSPLHF	1.5112132019585324e-05
CASSFIGETEAFF	1.5112132019585324e-05
CASSLNEQYEQYF	1.5112132019585324e-05
CASSLSSNQPQHF	1.5112132019585324e-05
CASSFGQGTEAFF	1.5112132019585324e-05
CASSSGLGRRSIAKNIQYF	1.5112132019585324e-05
CASSYNTGGQETQYF	1.5112132019585324e-05
CASSASGDSGNTIYF	1.5112132019585324e-05
CAWSGQLNTEAFF	1.5112132019585324e-05
CAWSVGAYEQYF	1.5112132019585324e-05
CAWSDSPDTQYF	1.5112132019585324e-05
CAWSRDRGNTEAFF	1.5112132019585324e-05
CASSVTRGGWIQPQHF	1.5112132019585324e-05
CASTPYSGFNYGYTF	1.5112132019585324e-05
CAWSVRGDTQYF	1.5112132019585324e-05
CAWSVRGQGLSPLHF	1.5112132019585324e-05
CASSLGGAGLSYNEQFF	1.5112132019585324e-05
CASSPDLSGNTIYF	1.5112132019585324e-05
CASSLDETQYF	1.5112132019585324e-05
CASSRNRGGYTF	1.5112132019585324e-05
CASSPPGLVDNTGELFF	1.5112132019585324e-05
CASSPGANTEAFF	1.5112132019585324e-05
CASSHAGTGEYEQYF	1.5112132019585324e-05
CASSMGHLGIQYF	1.5112132019585324e-05
CASSPGSGANVLTF	1.5112132019585324e-05
CASSRGNTEAFF	1.5112132019585324e-05
CASRPASRAEAFF	1.5112132019585324e-05
CASSSGTGINQPQHF	1.5112132019585324e-05
CASSLGTSSGANVLTF	1.5112132019585324e-05
CASSDKAGGQDTQYF	1.5112132019585324e-05
CASSPQGPSGNEQFF	1.5112132019585324e-05
CASSDSAGGLDEQFF	1.5112132019585324e-05
CASSDSTSGRPTDTQYF	1.5112132019585324e-05
CARTQRNLHYEQYF	1.5112132019585324e-05
CASSDRGAHEQYF	1.5112132019585324e-05
CASSRDREIYEQYF	1.5112132019585324e-05
CASSLSDEQFF	1.5112132019585324e-05
CASSQEDWTPNTGELFF	1.5112132019585324e-05
CSASSPSGSSHEQYF	1.5112132019585324e-05
CATLQDWAEQFF	1.5112132019585324e-05
CSVDRGNTGELFF	1.5112132019585324e-05
CSVVLGWGNEQFF	1.5112132019585324e-05
CSVVEQGSGANVLTF	1.5112132019585324e-05
CASKVGANYEQYF	1.5112132019585324e-05
CASRYGGDTEAFF	1.5112132019585324e-05
