TCR	Abundance
CSAREFRSDEQYF	0.9866176470588236
CASSQDRLTGDEQYF	0.00011764705882352942
CASSSVLVGSGANVLTF	8.823529411764706e-05
CASSLQGITPLNTEAFF	5.882352941176471e-05
CASSLTATDTQYF	5.882352941176471e-05
CASSLGGVSRMEAAQYF	5.882352941176471e-05
CASSRDRESPLHF	5.882352941176471e-05
CASRLGHSGNTIYF	5.882352941176471e-05
CASSSRRGTLEGEKLFF	5.882352941176471e-05
CASGFGTSGQVNYF	5.882352941176471e-05
CSAGGQAGGYTF	5.882352941176471e-05
CASSEPGGREQYF	5.882352941176471e-05
CASSPGSYEQYF	5.882352941176471e-05
CSASLLGTARELFF	5.882352941176471e-05
CASSGLAGLSGANVLTF	5.882352941176471e-05
CASSSRQGDWHGYTF	5.882352941176471e-05
CASSHMSSGNTIYF	5.882352941176471e-05
CAWTRGGRNQETQYF	2.9411764705882357e-05
CATSTGKETQYF	2.9411764705882357e-05
CASSPGLAGVADTQYF	2.9411764705882357e-05
CASSIVAGSYNEQFF	2.9411764705882357e-05
CASTTSRAAGGELFF	2.9411764705882357e-05
CASSSGLLYEQYF	2.9411764705882357e-05
CASLLWGARGTEAFF	2.9411764705882357e-05
CAISDSGAPSGNTIYF	2.9411764705882357e-05
CAINDGSYEQYF	2.9411764705882357e-05
CAISQLARGSGTQYF	2.9411764705882357e-05
CAISEKRFTESEANYGYTF	2.9411764705882357e-05
CASSIVGTMAAGEQYF	2.9411764705882357e-05
CAIASASEQFF	2.9411764705882357e-05
CAISEKRFTGSEANYGYTF	2.9411764705882357e-05
CASGGQGLNTEAFF	2.9411764705882357e-05
CASSSGGSGYEQFF	2.9411764705882357e-05
CATSRRPADTQGAFF	2.9411764705882357e-05
CASSLPGLRGAYEQYF	2.9411764705882357e-05
CASSISGGWNSPLHF	2.9411764705882357e-05
CATSPQGGGMSEAFF	2.9411764705882357e-05
CASSMGSPRYEQYF	2.9411764705882357e-05
CATSRDRWGAEAFF	2.9411764705882357e-05
CAWSAGTGGSPLHF	2.9411764705882357e-05
CAITGSTDTEAFF	2.9411764705882357e-05
CAWSQGGGHTDTQYF	2.9411764705882357e-05
CAWSPGGSNQPQHF	2.9411764705882357e-05
CASSLVGQTYEQYF	2.9411764705882357e-05
CASSFGRNTEAFF	2.9411764705882357e-05
CALTGQGLSGANVLTF	2.9411764705882357e-05
CASSSANNEQFF	2.9411764705882357e-05
CASSLARGGAYEQYF	2.9411764705882357e-05
CASSSLAGGWNEQFF	2.9411764705882357e-05
CASNVLAGGSSYNEQFF	2.9411764705882357e-05
CAISAGPGNGYTF	2.9411764705882357e-05
CASSLTGTTANVLTF	2.9411764705882357e-05
CASSLGPLGTRNEQFF	2.9411764705882357e-05
CASSLEGSRLYNEQFF	2.9411764705882357e-05
CASSQTGNTEAFF	2.9411764705882357e-05
CASSLDRAVGTQYF	2.9411764705882357e-05
CASASGNTQYF	2.9411764705882357e-05
CASSFSDRGGGYEQYF	2.9411764705882357e-05
CASSPAAIRQGSYEQYF	2.9411764705882357e-05
CASSGQGTLSYEQYF	2.9411764705882357e-05
CASSLLWGGSQPQHF	2.9411764705882357e-05
CASSVTGGTVGETQYF	2.9411764705882357e-05
CASSLAPMGTNEKLFF	2.9411764705882357e-05
CASSTDGGSNQPQHF	2.9411764705882357e-05
CASSLGRVEETQYF	2.9411764705882357e-05
CASRGPLTGELFF	2.9411764705882357e-05
CASSWTSLADTQYF	2.9411764705882357e-05
CASRPTTGVENEQFF	2.9411764705882357e-05
CASSFEGGETQYF	2.9411764705882357e-05
CASSWAQGGAGNSPLHF	2.9411764705882357e-05
CASSATGTGNAGANVLTF	2.9411764705882357e-05
CASSILTPGLLSRELFF	2.9411764705882357e-05
CASSLARNNPFEQYF	2.9411764705882357e-05
CASSPGTVYEQFF	2.9411764705882357e-05
CASSPGGQTGELFF	2.9411764705882357e-05
CASTEGGVNSPLHF	2.9411764705882357e-05
CASSLPSGQPQHF	2.9411764705882357e-05
CAWTSGTSYNEQFF	2.9411764705882357e-05
CAWTNGAGKYEQYF	2.9411764705882357e-05
CAWDGGQGGYEQYF	2.9411764705882357e-05
CASSLGTFSTEAFF	2.9411764705882357e-05
CASSLSTLDTQYF	2.9411764705882357e-05
CASSLVAGLSYNEQFF	2.9411764705882357e-05
CASSRSLGKNIQYF	2.9411764705882357e-05
CASSTSGEHSNQPQHF	2.9411764705882357e-05
CASSLGGGSEQYF	2.9411764705882357e-05
CASLPGDRRASDTQYF	2.9411764705882357e-05
CASSQSYEQYF	2.9411764705882357e-05
CSATFGGYTF	2.9411764705882357e-05
CSASNRGGPYNEQFF	2.9411764705882357e-05
CSASSLTSGQETQYF	2.9411764705882357e-05
CASSLGGQGMHEQFF	2.9411764705882357e-05
CASSDLGLQGTYGYTF	2.9411764705882357e-05
CASRTEGARTDTQYF	2.9411764705882357e-05
CASSQGRTRGGSGETQYF	2.9411764705882357e-05
CASSQDRLAGYQETQYF	2.9411764705882357e-05
CASSRLAGAQVPDTQYF	2.9411764705882357e-05
CASSQDHRAGGPSSYNEQFF	2.9411764705882357e-05
CASIGDRGRGEQYF	2.9411764705882357e-05
CASSEEQGWTTIYF	2.9411764705882357e-05
