TCR	Abundance
CASRRQGDGQPQHF	0.1193519141344719
CASSIQYNTGELFF	0.0913052379141929
CASSLTPGQSNEQFF	0.0597490714473722
CSVVSSGNTIYF	0.048928143187202
CASSELREGENQPQHF	0.0416167051735735
CRARQGKEYGYTF	0.0342175299037814
CSARGTSGGAGELFF	0.0286315912613692
CASSLDGQVPMNTEAFF	0.0280759219723335
CASSIWRTGDTGELFF	0.0257070160559178
CSAKEGVYSNQPQHF	0.0232503728833386
CASSQSTGRSYEQYF	0.023045652618957
CASKKRGGADTQYF	0.0220220512970491
CASSYSRTSDVYNEQFF	0.0213201532477407
CSARAQSLWIAGDQETQYF	0.019857865645015
CSVDREETEAFF	0.0140672067382212
CASSQVGGGPYNEQFF	0.0140672067382212
CASSYRSGSGELFF	0.0139794694820577
CASSLELRGGRRGNTIYF	0.0134822916971309
CAISDGNQETQYF	0.0133945544409674
CASSLATDTEQFF	0.0119615125902962
CASSQRGNNEKLFF	0.0108794197642792
CASSPTDGNQPQHF	0.0104407334834615
CAWSPWTGSAGELFF	0.0088614628725177
CASTSGGTGELFF	0.0085690053519726
CASSVGGGSNYGYTF	0.0085105138478635
CASSSYAPGRKNTGELFF	0.008305793583482
CSARGSAGGRETQYF	0.0079548445588278
CASSPREQGSYGYTF	0.0077208785423917
CASSPRVLVGNTIYF	0.0076623870382826
CASSGWDRRTDTQYF	0.0076331412862281
CASSRTENYGYTF	0.007340683765683
CASSYSDGQGKAFF	0.0059661334191208
CASSLNTGGNEKLFF	0.0059368876670663
CASSPGEYPNYGYTF	0.0057614131547392
CSASPGPGYEQYF	0.0052642353698125
CASSYLRGDRGTNSPLHF	0.0047378118328312
CASSPPGQGYFLFF	0.0046793203287222
CASSLGRENTGELFF	0.0045623373205041
CASRQGIGTDTQYF	0.004269879799959
CASSVGTSLLETQYF	0.0040944052876319
CASSPGQGPYNEQFF	0.0039189307753048
CSASVYGGNTEAFF	0.0037727020150323
CASSPEIGPNYGYTF	0.0036849647588687
CASSQDRGTDTQYF	0.0036557190068142
CASSLVRMGGATVSEAFF	0.0036557190068142
CASSPPFYEQYF	0.0036557190068142
CASSYTGVADYGYTF	0.0035972275027052
CASSRSATYNEQFF	0.003187786973942
CASSETVYSGNTIYF	0.0028953294533968
CASSTPSGGARDTQYF	0.0028368379492878
CASSTARLAGEYNEQFF	0.0023981516684701
CASQGQANEKLFF	0.0023104144123066
CASSQLPAGPTSYEQYF	0.002222677156143
CASRRKSATEAFF	0.0020764483958705
CASSLADSYGYTF	0.0020472026438159
CAWSVLLNTEAFF	0.0020472026438159
CASRRLAGNTGELFF	0.0020179568917614
CSAQGGGATNEKLFF	0.0017839908753253
CASWDHKGDSPLHF	0.0016962536191618
CSAGGLNEKLFF	0.0016085163629982
CASSRFPGGKDPLHF	0.0015500248588892
CSARDPSGGNNEQFF	0.0014915333547802
CASSSNRGGWETQYF	0.0014622876027257
CASSLGLAGGPETQYF	0.0014330418506711
CASSDWAGDHYEQYF	0.0014330418506711
CASSQGRGANEQFF	0.0012868130903986
CASRSDRVVTEAFF	0.001199075834235
CASSPQGYEQYF	0.0010528470739625
CASSFTFPGGAFF	0.0010528470739625
CASTESAYYGYTF	0.0009066183136899364
CASTQLSTDTQYF	0.0008481268095809083
CASSRQGSTDTQYF	0.0007896353054718802
CASRLDRVNTGELFF	0.0007603895534173662
CSALAYQGGEQFF	0.0007603895534173662
CASGDLANEKLFF	0.000701898049308338
CASGGQVFNEQYF	0.0006726522972538239
CASSPNSRTGQGVYEQYF	0.0006434065451993098
CASSSREQGGGEKLFF	0.0005556692890357676
CASSYDDSSTQYF	0.0004971777849267394
CASSESNTGELFF	0.0004386862808177112
CASTSKRASGTGELFF	0.0003801947767086831
CASSQVLAGGADTQYF	0.0003801947767086831
CASSEGQNTEAFF	0.00029245752054514083
CASRLVRRENSNQPQHF	0.00029245752054514083
CASSASGTSGYSTDTQYF	0.00029245752054514083
CASSLGQNTEAFF	0.00023396601643611265
CSARSAGGQQETQYF	0.00023396601643611265
CSAREGPGVSYNEQFF	0.00023396601643611265
CSVDFGSSYNEQFF	0.00023396601643611265
CASSLRGGRNEQFF	0.00020472026438159857
CASSTTGLRSYEQYF	0.0001462287602725704
CASSRWDRGPDTQYF	0.00011698300821805632
CASSISVYGYTF	0.00011698300821805632
CASSYLSGTGDTSTDTQYF	0.00011698300821805632
CASSQVRISGAPDTQYF	0.00011698300821805632
CASTMGTFYGYTF	0.00011698300821805632
CASSFGGTGELFF	0.00011698300821805632
CASSATISDTQYF	8.773725616354225e-05
CATSDPTRQGALYNEQFF	8.773725616354225e-05
CASSPGLSNQPQHF	8.773725616354225e-05
