TCR	Abundance
CATWGKGQLNTEAFF	0.0136016783087811
CASSSGANQPQHF	0.0101205708094151
CASSLSPPTGGNQPQHF	0.006754731770293
CASTHSVGNTIYF	0.0051525001729026
CASTPLWTGSNQPQHF	0.0046798994859026
CASSRIGSVVYGYTF	0.0044493625654148
CASSQAPPSTGSNYGYTF	0.0043110404131221
CASSPNLGQGGQPQHF	0.0039652350323904
CSAGVTGLLNNEQFF	0.0025243792793415
CASRGGAGNNQPQHF	0.0024436913571708
CSVRDGNEKLFF	0.0023860571270488
CASSVGRGTEAFF	0.0023514765889757
CASSKEGPAGTAHEQYF	0.0020748322843903
CASSANENQGYNEQFF	0.0019710906701708
CASSPGQDYGYTF	0.0017290269036586
CASIRGGAATGELFF	0.0015445973672683
CASSPLGEANYGYTF	0.001475436291122
CASSPDRGPYEQYF	0.0013947483689512
CAIRWGEDTEAFF	0.0013947483689512
CASSLSGNYGYTF	0.0013832215229268
CSARAARGGVQDTEAFF	0.0013486409848537
CASSLILDRLEDTQYF	0.0012910067547317
CASSRTSGPYEQYF	0.0012564262166585
CASSLFGGTYGYTF	0.0011757382944878
CAISASDYGYTF	0.0009336745279756552
CASSLTGNTIYF	0.0009106208359268736
CASSNGRGRAGELFF	0.0009106208359268736
CASTDRGQETQYF	0.0008760402978537013
CASSRYQDSSNTGELFF	0.0008645134518293104
CASSDHGVDTQYF	0.0008414597597805289
CASEKQGQPQHF	0.0007953523756829657
CASSLTDTPSGNTIYF	0.000772298683634184
CASSGTDFYGYTF	0.0007261912995366208
CASSTGQANYGYTF	0.0006455033773658851
CASRGSPSSYNEQFF	0.0006224496853171035
CASSLVGSGYSNQPQHF	0.0005648154551951495
CASSLSGNYGYTF	0.0005532886091707587
CASSLDNRGTIYF	0.0005532886091707587
CASRGSGLAGLTDTQYF	0.0005417617631463679
CASSAQGSYGYTF	0.0005302349171219771
CASSYTGGDSPLHF	0.0005187080710975863
CASSETTTNEKLFF	0.0005187080710975863
CASSFSGNYGYTF	0.0004841275330244139
CASSLGGPGEKLFF	0.0004841275330244139
CASSGPLLGVQNTEAFF	0.0004495469949512415
CASSGRNEGVDGYTF	0.0004380201489268506
CASSTSGGAYEQYF	0.0004264933029024599
CASSFPGVSYNEQFF	0.0004264933029024599
CASSYSKEEKLFF	0.0004264933029024599
CASSRGAVNTEAFF	0.000414966456878069
CASSQVDMGFRSNQPQHF	0.000414966456878069
CASSLVGDSDNEKLFF	0.000414966456878069
CASSVSSGNTIYF	0.000414966456878069
CSAGQRNQPQHF	0.0004034396108536782
CASSPDGTRIVEQYF	0.0003919127648292874
CASIPGTASYEQYF	0.0003919127648292874
CASSVRGLNEKLFF	0.0003688590727805058
CASSDTLTDTQYF	0.000357332226756115
CASSPGVTYNSPLHF	0.00034580538073172417
CASSLGGGGRSEQYF	0.00034580538073172417
CATSDRPGGEQYF	0.00034580538073172417
CASSLGSSGNQPQHF	0.0003342785347073334
CASSWEGQGGTEAFF	0.0003342785347073334
CASSTERNTEAFF	0.0003342785347073334
CASTDRALNEKLFF	0.00032275168868294257
CASSEGGSGYTF	0.00032275168868294257
CASSSAVNQPQHF	0.00031122484265855174
CASSVRTGEDLGNTQYF	0.00031122484265855174
CASSIGLGVDYGYTF	0.00031122484265855174
CASSLTGNGYTF	0.00031122484265855174
CASSLTGGDSVLTF	0.00029969799663416097
CASSPRGGVEVNTEAFF	0.00029969799663416097
CASKRTSGNTGELFF	0.00029969799663416097
CASSPSRENIQYF	0.00029969799663416097
CATSLGGREKLFF	0.00029969799663416097
CASRTGNQPQHF	0.00028817115060977014
CASSLVGSGYSNQPQHF	0.00028817115060977014
CASRARGLAGPWGQFF	0.00028817115060977014
CASSSGLAGRDEQFF	0.00028817115060977014
CASSVTSPGELFF	0.00028817115060977014
CASSQGIDEQYF	0.00028817115060977014
CSAGGSGNTIYF	0.00028817115060977014
CASSSDRGSARYTEAFF	0.00028817115060977014
CASSLAWNQPQHF	0.00027664430458537937
CASSKGGGGGNEQYF	0.00027664430458537937
CASSPSAGGEGYTF	0.00027664430458537937
CASSKGGKGKNTEAFF	0.00027664430458537937
CASSSNRDRGRLGFGYTF	0.00027664430458537937
CASSPPGTSVLYEQYF	0.00026511745856098854
CAIRGLHYEQYF	0.00026511745856098854
CSARSGQGAGGYTF	0.00026511745856098854
CASSLRDGSYEQYF	0.00026511745856098854
CASSPIGQMNTEAFF	0.00026511745856098854
CASSSGVTYEQYF	0.00026511745856098854
CASSALLATEQFF	0.0002535906125365977
CASTFGSLNEQFF	0.0002535906125365977
CASSRGGSGGNYEQYF	0.0002535906125365977
CATRGAGGIQPQHF	0.0002535906125365977
CSASVQGTFEPQHF	0.0002535906125365977
CASSVGPASYNEQFF	0.0002535906125365977
