TCR	Abundance
CASSSGANQPQHF	0.0160617585928994
CSARAARGGVQDTEAFF	0.0131632898327371
CATWGKGQLNTEAFF	0.0091902668005146
CASTPLWTGSNQPQHF	0.0081722680164576
CASSPNLGQGGQPQHF	0.0079319071924441
CASSRIGSVVYGYTF	0.0054434657203048
CASSLALGGFTEAFF	0.0049768829442787
CASSLTGNTIYF	0.0047789387362676
CASTHSVGNTIYF	0.0041992449842351
CASSLSPPTGGNQPQHF	0.0037750788242114
CASSLSGNYGYTF	0.0033367737921868
CASSQAPPSTGSNYGYTF	0.0031812462001781
CASSLSGNYGYTF	0.0024460248561369
CASRGGAGNNQPQHF	0.0022198029041243
CASSVGRGTEAFF	0.0021915251601227
CASSLILDRLEDTQYF	0.0019511643361092
CSAGVTGLLNNEQFF	0.0019228865921076
CASSLFGGTYGYTF	0.001894608848106
CASSANENQGYNEQFF	0.0018663311041045
CASSLPPLRDGQFF	0.0016118314080902
CASSRTSGPYEQYF	0.0016118314080902
CASSYTGGDSPLHF	0.0015835536640886
CASSLDNRGTIYF	0.0013714705840768
CASSWAQGIQREQYF	0.0012583596080704
CAIRWGEDTEAFF	0.0012583596080704
CASIRGGAATGELFF	0.0010745542720601
CASSLDLGTQYF	0.0010321376560577
CASSFSGNYGYTF	0.0009897210400554243
CSARGVLETQYF	0.0009614432960538408
CASSVSSGNTIYF	0.0009190266800514656
CASSPSRENIQYF	0.0008766100640490901
CASSKEGPAGTAHEQYF	0.0007352213440411724
CASSPGQDYGYTF	0.0006786658560380053
CASSPGVTYNSPLHF	0.0006503881120364217
CASSNGRGRAGELFF	0.0006503881120364217
CASSSAVNQPQHF	0.0006362492400356299
CASSGPLLGVQNTEAFF	0.0005796937520324628
CASSPSAGGEGYTF	0.000565554880031671
CASSTERNTEAFF	0.000565554880031671
CASSQDRSGNSPLHF	0.0005514160080308793
CASSLAGNYGYTF	0.0004807216480269204
CATSDRPGGEQYF	0.0004807216480269204
CASSLGGPGEKLFF	0.0004807216480269204
CASSLVGSGYSNQPQHF	0.0004807216480269204
CASSYQATNEKLFF	0.0004665827760261286
CASSSGAAQPQHF	0.00045244390402533687
CASTFGSLNEQFF	0.000438305032024545
CASSEGGSGYTF	0.000438305032024545
CASSVTSPGELFF	0.00041002728802296153
CASSLTDTPSGNTIYF	0.0003958884160221697
CASRARGLAGPWGQFF	0.0003958884160221697
CASSQESGEQYF	0.000381749544021378
CSVRGPQETQYF	0.000381749544021378
CASSPDRGPYEQYF	0.000381749544021378
CASSRYQDSSNTGELFF	0.000381749544021378
CASTDRGQETQYF	0.0003676106720205862
CASSSNRDRGRLGFGYTF	0.0003676106720205862
CASSSPWGSGGARTGELFF	0.0003676106720205862
CASSDTLTDTQYF	0.0003676106720205862
CSAPPEVGLSYEQYF	0.0003676106720205862
CATSSRTGGGFSEQYF	0.0003676106720205862
CASSDHGVDTQYF	0.0003676106720205862
CASSFRWTGGHSEQYF	0.00035347180001979445
CASSQDVISYEQYF	0.00035347180001979445
CASSVRGLNEKLFF	0.00035347180001979445
CASMGEIGNQPQHF	0.00035347180001979445
CASRVGLNQPQHF	0.00033933292801900265
CASSVVESCRGYTF	0.00033933292801900265
CASSYGGGEKLFF	0.00033933292801900265
CASSLDYSSREQYF	0.00032519405601821085
CASSPQGPSYEQYF	0.0003110551840174191
CASSRGGSGGNYEQYF	0.0003110551840174191
CASRTGANVLTF	0.0003110551840174191
CASSEFGGGYTF	0.0003110551840174191
CASSSRHRDGNSPLHF	0.0003110551840174191
CASEKQGQPQHF	0.0003110551840174191
CAWSPGQLTYEQYF	0.0002969163120166273
CSAREGREQNTQYF	0.0002969163120166273
CASRTGNQPQHF	0.0002969163120166273
CASSVDLGIQYF	0.0002969163120166273
CASSPPGTSVLYEQYF	0.0002969163120166273
CASSQDTGELFF	0.0002969163120166273
CASSKTGFAGELFF	0.0002827774400158355
CASSPTGGDSPLHF	0.0002827774400158355
CASKTGSNQPQHF	0.0002827774400158355
CASSETTTNEKLFF	0.0002827774400158355
CASSPLGEANYGYTF	0.00026863856801504377
CASSISGTDTQYF	0.00026863856801504377
CASSSGPIDQPQHF	0.00026863856801504377
CASSRRDGPTSYGYTF	0.00026863856801504377
CSASVQGTFEPQHF	0.00026863856801504377
CASSSGLAGRDEQFF	0.00026863856801504377
CASSARSGSHEQYF	0.00026863856801504377
CASSLGSNGEQYF	0.000254499696014252
CASSYQGEDTGELFF	0.000254499696014252
CASTGDRKRLAGVYEQFF	0.000254499696014252
CSAGGSGNTIYF	0.000254499696014252
CSALKGQIDQPQHF	0.000254499696014252
CSARSGQGAGGYTF	0.0002403608240134602
CASSESGLDTIYF	0.0002403608240134602
