TCR	Abundance
CASSKGLAGNEQFF	0.0211119933223396
CASSERVLASGGDF	0.0202569270547038
CASSLAAGANEQFF	0.01309065738309
CAIGTEAPGTQYF	0.0115841120543985
CSASSQSNEQFF	0.0103829475355768
CATSEGRNTGELFF	0.0100368492843909
CASSPAGLADNEQFF	0.0059447464321342
CLTPGPGGADTQYF	0.0055579307396323
CASSYPGGMGQPQHF	0.0045196359860746
CASSLLTTGGTGELFF	0.0033591889085689
CASSLGGLGQRGYTF	0.003237036584621
CASSLMWGTSAYEQYF	0.003053808098699
CASSQDPGIPTNEKLFF	0.0026669924061971
CASSQASRATNEKLFF	0.0025448400822492
CASSGGTGGNTIYF	0.0023005354343533
CASTTVGSGGRGTGELFF	0.0019951546244833
CASSLGAGTGDTEAFF	0.0019137197418514
CSARDNTGELFF	0.0018730023005354
CASSLGTGPYNEQFF	0.0015065453286915
CASSVGRQETQYF	0.0014658278873755
CASSLGRGGAAETQYF	0.0014251104460595
CASSDQHRGSNQPQHF	0.0014251104460595
CASSTILGGADTQYF	0.0012011645188216
CASTPCDSRNHYEQYF	0.0011604470775056
CASSSAGAKNTEAFF	0.0010382947535576
CASSQAGGTEAFF	0.0010179360328996
CASSLGEAFF	0.0009975773122416988
CASSFEGNYGYTF	0.000977218591583705
CATTQDPGTGELFF	0.000977218591583705
CSAATQGGPFRSYEQYF	0.0008957837089517295
CAWRGDRRGWQFF	0.0008550662676357417
CASSRQGNTEAFF	0.000814348826319754
CASRPADTYEQYF	0.0007736313850037664
CASRGRGQGFRSYEQYF	0.0007736313850037664
CASKGYRAGGANVLTF	0.0007532726643457725
CAISARRYEQYF	0.0007329139436877787
CASSPDRVNTIYF	0.0007329139436877787
CSTAGQGATGYTF	0.0007125552230297848
CASSIPGTGSNMNTEAFF	0.0007125552230297848
CASTQGTGAFF	0.0007125552230297848
CASGDRFNEKLFF	0.0006718377817137971
CASSAGTRLTGELFF	0.0006718377817137971
CASRVHRDFGYNEQFF	0.0006514790610558033
CASSTGSLILPQHF	0.0006514790610558033
CASSLAPEGARGYTF	0.0006514790610558033
CASSADLNTEAFF	0.0006311203403978094
CASSDLDRKSPLHF	0.0006311203403978094
CASSFRAGNTIYF	0.0006311203403978094
CASSRFRPGELFF	0.0006107616197398156
CASEPGHSRGYTF	0.0005904028990818217
CASSSRPSGGYTF	0.0005700441784238278
CASSGRGNEQFF	0.000549685457765834
CASSLGSPGAEQFF	0.0005293267371078401
CASGVTGSGNTIYF	0.0005293267371078401
CASTTDNYGYTF	0.0005293267371078401
CASSSIGLAGSDTQYF	0.0005089680164498463
CASSIGGTSGANVLTF	0.0005089680164498463
CASSRGPNEKLFF	0.0004886092957918525
CASRRLGGQGLNSPLHF	0.0004886092957918525
CSGRGSNQPQHF	0.0004886092957918525
CASSLGGGGANTGELFF	0.0004886092957918525
CASSQDASSGYGYTF	0.0004886092957918525
CAWSGAGESNEQFF	0.0004682505751338586
CASGRGLDEQFF	0.0004478918544758648
CSAGEGQENSPLHF	0.0004478918544758648
CSAVRGAGDSNQPQHF	0.0004478918544758648
CASKGEGQPQHF	0.0004478918544758648
CASSDFRPSTNQPQHF	0.00042753313381787086
CASSRETGAPTDTQYF	0.000407174413159877
CASRLTANNEQFF	0.000407174413159877
CASSFGTQGNQPQHF	0.000407174413159877
CASSPGESSGALNTGELFF	0.000407174413159877
CASSYNPLSGNTIYF	0.000407174413159877
CSAAVNGYTF	0.0003868156925018832
CASSAEVTEAFF	0.0003868156925018832
CASSPDIRVGGPQHF	0.0003868156925018832
CASSSYSRGAGAYEQYF	0.0003868156925018832
CASSPRRGTSYEQYF	0.0003868156925018832
CASSSRGDIYNEQFF	0.0003868156925018832
CASRLRFGGFEAQHF	0.0003868156925018832
CAITNRAGAGEQYF	0.00036645697184388936
CASRQSQGNQPQHF	0.00036645697184388936
CASSMGGNEQYF	0.00036645697184388936
CASSDSNYGYTF	0.00036645697184388936
CASSLQAGRGYEQYF	0.00036645697184388936
CASSIGSGQSHEQFF	0.00036645697184388936
CSARSALLNNSPLHF	0.00036645697184388936
CAWGSVYYEQYF	0.00034609825118589547
CASTAGGYGYTF	0.00034609825118589547
CASSSKRGGGQPQHF	0.00034609825118589547
CASSTDSYPPEAFF	0.00034609825118589547
CASSEALTGTYGYTF	0.00034609825118589547
CSAHGDRGRDQPQHF	0.00034609825118589547
CASSFGRPNSGNTIYF	0.00034609825118589547
CASSLFSLSPTGRYGYTF	0.00034609825118589547
CAARPHTGGEGGSPLHF	0.00032573953052790163
CASSLGGRKNTEAFF	0.00032573953052790163
CASSDGKYGYTF	0.00032573953052790163
CASSYPPAGTHSNQPQHF	0.00032573953052790163
CASHPGTGSSYEQYF	0.00032573953052790163
