TCR	Abundance
CASSPGGAASTDTQYF	0.0010575581656991
CASSTAGWDEKLFF	0.000922550740290716
CASSLGSEWGNTGELFF	0.0005550305266789673
CASSILGATSSPLHF	0.0004875268139747686
CAWSVRGSRAYEQYF	0.0004275235137932586
CATSREGPRQYF	0.0004125226887478811
CSASGADTQYF	0.0003975218637025036
CASSLGSGEHEQYF	0.00037502062613443737
CAWRGGADTQYF	0.00037502062613443737
CSVVRQGLNTEAFF	0.0003525193885663712
CASSLRGNNEQFF	0.0003525193885663712
CSGGQGTEAFF	0.0003450189760436824
CASSPVPGPGHEQYF	0.0003300181509983049
CASSPGLATDTQYF	0.0003300181509983049
CASSVGGGLQPHEQYF	0.00032251773847561614
CASSESGGNQPQHF	0.0003150173259529274
CASSQDPTGGRDGYTF	0.0003150173259529274
CATQSGRASGELFF	0.0003150173259529274
CSAPHREPYEQYF	0.00030751691343023865
CASSEGGLSGNEQFF	0.0002925160883848612
CASSQDRLGPQHF	0.00028501567586217244
CSASYNSNSPLHF	0.00028501567586217244
CASCKTSGRVEQYF	0.0002700148508167949
CASSLMIENTIYF	0.0002700148508167949
CASSLGVNQPQHF	0.0002700148508167949
CASSQSGDEQYF	0.0002700148508167949
CASSQEAEMNTEAFF	0.0002625144382941062
CASSLEPTSGNTIYF	0.0002625144382941062
CASSLGGPTDTQYF	0.0002625144382941062
CASSLSVNTEAFF	0.0002550140257714174
CAARTGGSNTGELFF	0.0002475136132487287
CATSRDRGYGSYNSPLHF	0.00024001320072603992
CASRQGGNSPLHF	0.00024001320072603992
CASSYSWDEQYF	0.00024001320072603992
CASSLAAGLYEQYF	0.00024001320072603992
CATSDYQAGHNEKLFF	0.0002325127882033512
CASSLRLAGVTSGANVLTF	0.0002325127882033512
CASSLGAALNTEAFF	0.0002325127882033512
CASSEDRGNTIYF	0.0002325127882033512
CASSFLDRNTGELFF	0.00022501237568066243
CASSLPGSVVPEAFF	0.00022501237568066243
CASSQDGQGGNTEAFF	0.00022501237568066243
CASRQVNQGSEAFF	0.00022501237568066243
CASSFSGSYEAFF	0.00022501237568066243
CASRAQGGSGNTIYF	0.00022501237568066243
CSASRATETGELFF	0.0002175119631579737
CGMGVSGNTIYF	0.0002175119631579737
CSVEDLADRTNYGYTF	0.0002175119631579737
CASAVQGGSFYEQFF	0.0002175119631579737
CASSLLAEAFF	0.0002175119631579737
CASNRESPYEQYF	0.0002175119631579737
CASSIGYGNEQFF	0.0002175119631579737
CASSQDIVGGYTF	0.0002175119631579737
CASSLEDTQYF	0.0002175119631579737
CASRPPGSGANVLTF	0.0002175119631579737
CASSLTSGQGGELFF	0.0002175119631579737
CASSSVYGYTF	0.0002175119631579737
CASSQGYEQYF	0.00021001155063528492
CASSYGQGQNYGYTF	0.00021001155063528492
CSAREGSSNEKLFF	0.00021001155063528492
CASSEGQVRTDTQYF	0.00021001155063528492
CASSLTGGNQPQHF	0.00021001155063528492
CASSPSTGRYQPQHF	0.0002025111381125962
CSVQGAAGELFF	0.0002025111381125962
CSALAATNEKLFF	0.0002025111381125962
CSATPTPGTGAFF	0.0002025111381125962
CASSGQERAGELFF	0.0002025111381125962
CASSFGTGELFF	0.0002025111381125962
CASSLRTGGNSPLHF	0.00019501072558990743
CASSEDGTRYNEQFF	0.00019501072558990743
CASRFRDGPYEQYF	0.00019501072558990743
CASSPLPETEAFF	0.00019501072558990743
CASSGTGDYEQYF	0.00019501072558990743
CASRLSDNEQFF	0.00019501072558990743
CASSSRLAGEAGELFF	0.00019501072558990743
CASSIRDGNEKLFF	0.00019501072558990743
CASSETGAGELFF	0.00018751031306721869
CASSLAQGPRQPQHF	0.00018751031306721869
CASSQLAANEQFF	0.00018751031306721869
CASSLERGEQYF	0.00018751031306721869
CASRRRDRGIGNTGELFF	0.00018751031306721869
CASSPTYNEQFF	0.00018751031306721869
CASSLSYEQFF	0.00018751031306721869
CASSMTLAGTGELFF	0.00018751031306721869
CASSIDRTRSSNQPQHF	0.00018751031306721869
CASNPGLADYEQYF	0.00018000990054452994
CASSLGRADGQNIQYF	0.00018000990054452994
CATSRGDGQTLGGTQYF	0.00018000990054452994
CASSSYRGQAYEQYF	0.00018000990054452994
CASSQGGVHTDTQYF	0.00018000990054452994
CASSEGTLRGYTF	0.00018000990054452994
CASTSTGGAIHEQYF	0.00018000990054452994
CASSPGRASGDGYTF	0.00018000990054452994
CSAAGLSNEQFF	0.00018000990054452994
CASSQSSWLAGPTGELFF	0.00018000990054452994
CASSHGGNTEAFF	0.00018000990054452994
CASSGGGHQPQHF	0.0001725094880218412
CASSQGGADQETQYF	0.0001725094880218412
CAIGLGERGSPLHF	0.0001725094880218412
CASSSVTTGIMNTEAFF	0.0001725094880218412
