TCR	Abundance
CASSLGSEWGNTGELFF	0.0011304242129573
CASSQGYEQYF	0.0005712896560106965
CASSPGGAASTDTQYF	0.0005591345569466391
CASSILGATSSPLHF	0.0005409019083505531
CSASYNSNSPLHF	0.0004801264130302662
CATSREGPRQYF	0.0004801264130302662
CASSLRDRVSYEQYF	0.000425428467242008
CSASGADTQYF	0.0004193509177099793
CASSTAGWDEKLFF	0.0003768080709857785
CASSQDIVGGYTF	0.0003585754223896925
CAWSVRGSRAYEQYF	0.00034034277379360644
CASSQEAEMNTEAFF	0.0003342652242615777
CASSLRGNNEQFF	0.0003160325756654917
CSAPHREPYEQYF	0.000309955026133463
CSASPSGRPPYEQYF	0.00029779992706940563
CSVVRQGLNTEAFF	0.00029779992706940563
CSATPTPGTGAFF	0.0002917223775373769
CASSHGPTNEKLFF	0.0002917223775373769
CASCKTSGRVEQYF	0.00028564482800534825
CATQSGRASGELFF	0.00027956727847331953
CASSLYRSTDTQYF	0.00027348972894129087
CASSQDRLGPQHF	0.0002613346298772335
CASSPSTGRYQPQHF	0.0002613346298772335
CASSLLAEAFF	0.0002552570803452048
CASSLGSGEHEQYF	0.0002552570803452048
CASSALAGYNEQFF	0.0002552570803452048
CASSEGTLRGYTF	0.0002491795308131761
CASSLGAALNTEAFF	0.0002491795308131761
CSGGQGTEAFF	0.00024310198128114745
CASSREGGQPQHF	0.00024310198128114745
CASSLEPTSGNTIYF	0.00024310198128114745
CATSRDRGYGSYNSPLHF	0.00024310198128114745
CASSEGGLSGNEQFF	0.0002309468822170901
CASSRGTGGPHSYGYTF	0.0002309468822170901
CASSQDPTGGRDGYTF	0.0002309468822170901
CASSYGQGQNYGYTF	0.00022486933268506135
CASRLQGGNSYEQYF	0.00022486933268506135
CASSLEGAGQPQHF	0.00022486933268506135
CASSNSGDGGELFF	0.00022486933268506135
CAWSSRRYNGEQFF	0.00021879178315303269
CASSFLDRNTGELFF	0.00021879178315303269
CASSLEDTQYF	0.00021879178315303269
CATSDYQAGHNEKLFF	0.000212714233621004
CAWSVSGLINSPLHF	0.000212714233621004
CASSLGGPTDTQYF	0.000212714233621004
CGMGVSGNTIYF	0.00020663668408897533
CASSDESSSYEQYF	0.00020663668408897533
CSAREGSSNEKLFF	0.00020663668408897533
CASRLSDNEQFF	0.00020663668408897533
CASSLAAGLYEQYF	0.00020663668408897533
CSARDIKDRADGYTF	0.00020055913455694664
CASSPLRVSEQPQHF	0.00020055913455694664
CASSYSWDEQYF	0.00020055913455694664
CSALAATNEKLFF	0.00020055913455694664
CASSTLDNSPLHF	0.00019448158502491795
CASSLGVNQPQHF	0.00019448158502491795
CASSPLPETEAFF	0.00019448158502491795
CASSQDSNYGYTF	0.00019448158502491795
CSARRTEAFF	0.00019448158502491795
CAWTRTDSYEQYF	0.0001884040354928893
CASSGGGHQPQHF	0.0001884040354928893
CASSQFTKKSLGYTF	0.0001884040354928893
CASSGTGDYEQYF	0.00018232648596086057
CASSPVPGPGHEQYF	0.00018232648596086057
CASRVQRNTGELFF	0.00018232648596086057
CASSQEATSYGYTF	0.00018232648596086057
CASSPGRASGDGYTF	0.00018232648596086057
CASTITRGNEQFF	0.00018232648596086057
CASSQSGDEQYF	0.00018232648596086057
CASSEVREGNTIYF	0.00018232648596086057
CASSLSYEQFF	0.00018232648596086057
CATSDSGYTGELFF	0.00018232648596086057
CASSEGQVRTDTQYF	0.0001762489364288319
CASSVDSFSPLHF	0.0001762489364288319
CASSMTLAGTGELFF	0.0001762489364288319
CASSFALSTDTQYF	0.0001762489364288319
CAGSRGGRSPLHF	0.0001762489364288319
CASSLSSGYTF	0.0001762489364288319
CASSQDNVGQQYF	0.0001762489364288319
CSARNTPNEQFF	0.0001762489364288319
CASSEDGTRYNEQFF	0.0001762489364288319
CASSPPSRGYTF	0.00017017138689680322
CASSQGTGGLLTYEQYF	0.00017017138689680322
CASSLGQPSYEQYF	0.00017017138689680322
CASSSGTAHGYTF	0.00017017138689680322
CASSFSRSYNEQFF	0.00017017138689680322
CASSFGTGELFF	0.00017017138689680322
CASWEPGAPLHF	0.00017017138689680322
CASSQVGVLQGNQPQHF	0.00017017138689680322
CASSEDRGNTIYF	0.00017017138689680322
CASSLSGGNSPLHF	0.00017017138689680322
CASSSRDGYGYTF	0.00017017138689680322
CASRQGGNSPLHF	0.00016409383736477453
CSARSPRRGNEQFF	0.00016409383736477453
CAIKGDRGMSANTGELFF	0.00016409383736477453
CASNRSRQPQHF	0.00016409383736477453
CASRGGTGYEQYF	0.00016409383736477453
CASSRSGGPQETQYF	0.00016409383736477453
CSARPRDTEAFF	0.00016409383736477453
CSVLAGVETQYF	0.00016409383736477453
