TCR	Abundance
CASSLMQDTEAFF	0.0052784263023768
CASSPGGAASTDTQYF	0.0011700155467819
CASSVGTSNEQFF	0.0010685073486592
CASSSGGHNEQFF	0.0009883692975098436
CASSVGGGLQPHEQYF	0.0007746678277779855
CASSRGTVNSPLHF	0.0007639827542913927
CASRGRSGNTIYF	0.0007532976808047997
CASSYQRNQPQHF	0.0006891872398852423
CASNQVSNQPQHF	0.0006891872398852423
CAISESAGLSYNEQFF	0.0006678170929120565
CASTVRGIGNQPQHF	0.000614391725479092
CASRRQGNNSPLHF	0.0005930215785059062
CSASQGGLDTQYF	0.0005502812845595346
CASTPSGGPYEQYF	0.0005182260640997559
CARDAVSSGNTIYF	0.0005075409906131629
CASSLGGEAKEKLFF	0.00049685591712657
CASSQDGGRGNQPQHF	0.0004594581599234949
CASSQSSGNTIYF	0.0004541156231801984
CARLQGYSNQPQHF	0.0004541156231801984
CASSLGEPYEQYF	0.0004541156231801984
CASSIQGGGYGYTF	0.00043808801295030906
CASSQLAANEQFF	0.0004060327924905304
CASSLAGGFSYNEQFF	0.0004006902557472339
CASSLGQGTYEQYF	0.000390005182260641
CASSTFGYEQYF	0.000390005182260641
CASSPGQGTTGELFF	0.00038466264551734457
CASSLTGGNTEAFF	0.00038466264551734457
CASSPTTMGQLNTEAFF	0.0003793201087740481
CAISGGNTIYF	0.0003739775720307517
CASSLGVDTGELFF	0.0003739775720307517
CASRLETGGLVEAFF	0.00036329249854415873
CASSRSDGGNTEAFF	0.0003579499618008623
CSARTSKRTEQFF	0.0003579499618008623
CASSRRTGASYEQYF	0.0003526074250575658
CASAWTSGVANTGELFF	0.0003526074250575658
CSAARQGAKTQYF	0.0003472648883142694
CAWKGTGLPLHF	0.0003472648883142694
CASSVTSADTQYF	0.0003472648883142694
CASRGQGVYSNQPQHF	0.00033123727808438
CATQRAANYGYTF	0.0003258947413410836
CASSQNDSGEQYF	0.0003205522045977871
CASISGTPYGYTF	0.0003205522045977871
CASSLVGQGSSGNTIYF	0.0003205522045977871
CASSPPDSSSGELFF	0.0003205522045977871
CASTPLGGNSPLHF	0.0003205522045977871
CASSFQRGGRENIQYF	0.0003152096678544907
CASSVAYGGYTF	0.0003152096678544907
CAWSRHQGNTIYF	0.0003152096678544907
CASRGRLEQYF	0.0003152096678544907
CAWSQVNYGYTF	0.0003045245943678977
CASSLGQGRYEQYF	0.0003045245943678977
CASTRPGLTRNNSYTF	0.0002991820576246013
CSARFSGQGNFF	0.0002991820576246013
CAISPGTTSYEQYF	0.0002991820576246013
CASSSGQTSTDTQYF	0.0002991820576246013
CASSLRETYGYTF	0.0002991820576246013
CASSIEDTQYF	0.00029383952088130483
CAISESNSGNTIYF	0.00029383952088130483
CASSFAGTSNYGYTF	0.00029383952088130483
CASSQDSYGYTF	0.0002884969841380084
CASSGQTTSGVPEQFF	0.0002884969841380084
CASSIAGTGSNSPLHF	0.000283154447394712
CASSLGLNTGELFF	0.000283154447394712
CASSDVVQNTEAFF	0.0002778119106514155
CASSLALDTGELFF	0.0002778119106514155
CASSLQGLNYGYTF	0.0002778119106514155
CASSLGLAGGKDEQYF	0.0002778119106514155
CAWSAGGSNQPQHF	0.0002778119106514155
CASGSLYEQYF	0.00027246937390811905
CASSQDPGSGVNEQYF	0.00027246937390811905
CASSLTLYGYTF	0.00027246937390811905
CASSSGLGTEAFF	0.00027246937390811905
CASSLAANNEQFF	0.00027246937390811905
CASSWGAGSLGYTF	0.0002671268371648226
CASSQQGGGYTF	0.0002671268371648226
CASSPGVNSPLHF	0.0002671268371648226
CASSVAGTSAPTDTQYF	0.00026178430042152613
CASSEGVVEKLFF	0.00026178430042152613
CASSISGRKETQYF	0.00026178430042152613
CSANPSGRINYGYTF	0.00026178430042152613
CASSTGTGGGEQYF	0.00026178430042152613
CASSSSPDRGAPLHF	0.00026178430042152613
CASSFLLGKTEAFF	0.00026178430042152613
CASSPRLGQGNTEAFF	0.0002564417636782297
CASSSYYEQYF	0.0002564417636782297
CASSLSGVVLSYEQYF	0.0002564417636782297
CSVVFNEGELFF	0.0002564417636782297
CASSLAPLREQFF	0.00025109922693493326
CASSLDVVGELFF	0.00025109922693493326
CASSESKQGIQEKLFF	0.00025109922693493326
CASVGQGRGSPLHF	0.00025109922693493326
CASSPGGNNQPQHF	0.0002457566901916368
CASSTPHGATNEKLFF	0.0002457566901916368
CASSWDTSYEQYF	0.0002457566901916368
CASTKDLSYNSPLHF	0.0002457566901916368
CASSSPGRAGELFF	0.0002457566901916368
CASSLRVGTGDDGYTF	0.00024041415344834037
CAWRESAGKQYF	0.00024041415344834037
CASSLGDRGTEAFF	0.00024041415344834037
CASSRQNYGYTF	0.00023507161670504388
