TCR	Abundance
CASSLMQDTEAFF	0.0023471529486108
CASSWERGSSSYEQYF	0.0020876119975625
CAWSVQEDSPLHF	0.0012977047552415
CASSYEGRGRSPLHF	0.0012299984201855
CASSPGGAASTDTQYF	0.0012074296418334
CASSKTGAEAFF	0.0010945857500733
CASSQDDGTGTSTGELFF	0.000936604301609154
CASSYQRNQPQHF	0.000936604301609154
CASSPATGSSYEQYF	0.0009027511340811122
CSACAQVGTYEQYF	0.0008688979665530705
CASSTAGWDEKLFF	0.0008463291882010427
CASSQDLVSGGWPQHF	0.0007786228531449593
CAISGDDPGELFF	0.0007222009072648897
CASRRQGNNSPLHF	0.000699632128912862
CASSLRGQGEAFF	0.000699632128912862
CASRTTGRDTEAFF	0.000688347739736848
CASSVGTSNEQFF	0.0006544945722088063
CASTVRGIGNQPQHF	0.0006206414046807646
CASTMTSRAGELFF	0.0006093570155047507
CASSQGRPDGTADQPQHF	0.0005867882371527229
CSASARAATNEKLFF	0.000575503847976709
CASSFQRGGRENIQYF	0.0005529350696246812
CASSQEAGENTGELFF	0.0005529350696246812
CASSSSGTRGDTQYF	0.0005303662912726535
CASRLETGGLVEAFF	0.0005303662912726535
CACRFGTGDPGANVLTF	0.0005190819020966395
CASRGQGVGEQYF	0.0005190819020966395
CSARKRGLGTTEAFF	0.0005077975129206256
CASSPRHPVGETQYF	0.0005077975129206256
CATSSLHTRLDDTGELFF	0.0005077975129206256
CSARRGNYEQYF	0.0004965131237446117
CASTRPGLTRNNSYTF	0.0004852287345685978
CASSFQEPPYEQYF	0.00046265995621657
CASSLATDSYEQYF	0.00046265995621657
CSASQGGLDTQYF	0.0004513755670405561
CASSRTGGQPQHF	0.0004400911778645422
CASSIQGGGYGYTF	0.0004288067886885283
CATSRGGEGYGYTF	0.0004175223995125144
CASSWGQPQETQYF	0.0004175223995125144
CASSRRDGLGNTIYF	0.0004175223995125144
CARDAVSSGNTIYF	0.0004175223995125144
CAWKGTGLPLHF	0.0004062380103365005
CASRQTDDQETQYF	0.0004062380103365005
CASSLIDESYEQYF	0.0004062380103365005
CARLQGYSNQPQHF	0.0004062380103365005
CATQRAANYGYTF	0.0004062380103365005
CASTRDRVDTQYF	0.00039495362116048657
CASSRDGITGELFF	0.00039495362116048657
CSARGQGLVAGYEQYF	0.00039495362116048657
CASSPGQGTTGELFF	0.00039495362116048657
CASSPGTSGPTDTQYF	0.0003836692319844727
CASVGQGRGSPLHF	0.0003723848428084588
CASSPSSGELFF	0.0003723848428084588
CASSPQGTGVDEQYF	0.0003723848428084588
CASTPSGGPYEQYF	0.0003723848428084588
CASRPGQSNYGYTF	0.00036110045363244486
CASSENKGARAYEQYF	0.00036110045363244486
CSARLAGLRGDTQYF	0.00036110045363244486
CAISPQGYEQYF	0.00036110045363244486
CASSPDPGETQYF	0.000349816064456431
CASSLGGEAKEKLFF	0.000349816064456431
CASSLGEPYEQYF	0.000349816064456431
CASSLGQGTYEQYF	0.000349816064456431
CASSGQTTSGVPEQFF	0.0003385316752804171
CSVESWLGLREQYF	0.0003385316752804171
CAWSQVNYGYTF	0.0003385316752804171
CASSQDGGRGNQPQHF	0.0003385316752804171
CASNQVSNQPQHF	0.0003385316752804171
CASSIESGTGDEQYF	0.0003272472861044032
CASSLVGQGSSGNTIYF	0.0003272472861044032
CASSLPNYGYTF	0.0003159628969283893
CASSQGVELGRETQYF	0.0003159628969283893
CASSGGATKPNEQFF	0.0003159628969283893
CASSFLGGGQPQHF	0.0003159628969283893
CASSLAGGKANEAFF	0.00030467850775237537
CASSVAGSNYNEQFF	0.00030467850775237537
CASSQDSYGYTF	0.00030467850775237537
CSARDPVTGVSAHEQYF	0.00030467850775237537
CASSSGGHNEQFF	0.00030467850775237537
CASSLLDESYEQYF	0.00030467850775237537
CASNPRGGEQYF	0.00030467850775237537
CASSFYDSTDTQYF	0.00030467850775237537
CSAREMPGRFRDSYSPLHF	0.00030467850775237537
CASSPGVNSPLHF	0.00030467850775237537
CASSQNDSGEQYF	0.00029339411857636145
CASSQTPRGAGELFF	0.00029339411857636145
CASSQEANTGELFF	0.00029339411857636145
CSARDLLAGNTGELFF	0.0002821097294003476
CASSLAANNEQFF	0.0002821097294003476
CATSREGSSFMNTEAFF	0.0002821097294003476
CASSEGVVEKLFF	0.0002821097294003476
CASSLVGLPNTGELFF	0.0002821097294003476
CASSRQGSNEQYF	0.0002821097294003476
CASSFAGTSNYGYTF	0.00027082534022433366
CASISGTPYGYTF	0.00027082534022433366
CASQRTGNQPQHF	0.00027082534022433366
CASSRGTVNSPLHF	0.00027082534022433366
CASSRSDGGNTEAFF	0.00027082534022433366
CASSREGQGNSPLHF	0.00027082534022433366
CAWGPGGNSPLHF	0.00027082534022433366
